Mod: HD32MT11   Sn: 16015602   Fw: 0802251216   User Code: ,,,,,,,,
 User Code , Serial Number ,N,errcode,Date-Hour,Time Stamp,Min,Sec,2  Pyra02_B [W/m2]
,16015602,1,0,24/03/11 00:00:00,0,,,-3.486
,16015602,2,0,24/03/11 00:01:00,1,,,-4.123
,16015602,3,0,24/03/11 00:02:00,2,,,-4.499
,16015602,4,0,24/03/11 00:03:00,3,,,-4.635
,16015602,5,0,24/03/11 00:04:00,4,,,-4.624
,16015602,6,0,24/03/11 00:05:00,5,,,-4.436
,16015602,7,0,24/03/11 00:06:00,6,,,-4.353
,16015602,8,0,24/03/11 00:07:00,7,,,-4.426
,16015602,9,0,24/03/11 00:08:00,8,,,-4.29
,16015602,10,0,24/03/11 00:09:00,9,,,-4.405
,16015602,11,0,24/03/11 00:10:00,10,,,-4.05
,16015602,12,0,24/03/11 00:11:00,11,,,-3.914
,16015602,13,0,24/03/11 00:12:00,12,,,-3.81
,16015602,14,0,24/03/11 00:13:00,13,,,-3.528
,16015602,15,0,24/03/11 00:14:00,14,,,-3.299
,16015602,16,0,24/03/11 00:15:00,15,,,-3.152
,16015602,17,0,24/03/11 00:16:00,16,,,-3.09
,16015602,18,0,24/03/11 00:17:00,17,,,-3.059
,16015602,19,0,24/03/11 00:18:00,18,,,-2.954
,16015602,20,0,24/03/11 00:19:00,19,,,-2.985
,16015602,21,0,24/03/11 00:20:00,20,,,-2.912
,16015602,22,0,24/03/11 00:21:00,21,,,-2.798
,16015602,23,0,24/03/11 00:22:00,22,,,-2.881
,16015602,24,0,24/03/11 00:23:00,23,,,-2.777
,16015602,25,0,24/03/11 00:24:00,24,,,-2.724
,16015602,26,0,24/03/11 00:25:00,25,,,-2.578
,16015602,27,0,24/03/11 00:26:00,26,,,-2.296
,16015602,28,0,24/03/11 00:27:00,27,,,-2.14
,16015602,29,0,24/03/11 00:28:00,28,,,-1.942
,16015602,30,0,24/03/11 00:29:00,29,,,-1.754
,16015602,31,0,24/03/11 00:30:00,30,,,-1.754
,16015602,32,0,24/03/11 00:31:00,31,,,-1.775
,16015602,33,0,24/03/11 00:32:00,32,,,-1.42
,16015602,34,0,24/03/11 00:33:00,33,,,-1.274
,16015602,35,0,24/03/11 00:34:00,34,,,-1.023
,16015602,36,0,24/03/11 00:35:00,35,,,-1.106
,16015602,37,0,24/03/11 00:36:00,36,,,-0.96
,16015602,38,0,24/03/11 00:37:00,37,,,-0.804
,16015602,39,0,24/03/11 00:38:00,38,,,-0.564
,16015602,40,0,24/03/11 00:39:00,39,,,-0.626
,16015602,41,0,24/03/11 00:40:00,40,,,-0.543
,16015602,42,0,24/03/11 00:41:00,41,,,-0.47
,16015602,43,0,24/03/11 00:42:00,42,,,-0.292
,16015602,44,0,24/03/11 00:43:00,43,,,-0.407
,16015602,45,0,24/03/11 00:44:00,44,,,-0.324
,16015602,46,0,24/03/11 00:45:00,45,,,-0.219
,16015602,47,0,24/03/11 00:46:00,46,,,-0.23
,16015602,48,0,24/03/11 00:47:00,47,,,-0.365
,16015602,49,0,24/03/11 00:48:00,48,,,-0.292
,16015602,50,0,24/03/11 00:49:00,49,,,-0.501
,16015602,51,0,24/03/11 00:50:00,50,,,-0.564
,16015602,52,0,24/03/11 00:51:00,51,,,-0.271
,16015602,53,0,24/03/11 00:52:00,52,,,-0.355
,16015602,54,0,24/03/11 00:53:00,53,,,-0.48
,16015602,55,0,24/03/11 00:54:00,54,,,-0.459
,16015602,56,0,24/03/11 00:55:00,55,,,-0.543
,16015602,57,0,24/03/11 00:56:00,56,,,-0.418
,16015602,58,0,24/03/11 00:57:00,57,,,-0.501
,16015602,59,0,24/03/11 00:58:00,58,,,-0.553
,16015602,60,0,24/03/11 00:59:00,59,,,-0.386
,16015602,61,0,24/03/11 01:00:00,60,,,-0.376
,16015602,62,0,24/03/11 01:01:00,61,,,-0.47
,16015602,63,0,24/03/11 01:02:00,62,,,-0.334
,16015602,64,0,24/03/11 01:03:00,63,,,-0.449
,16015602,65,0,24/03/11 01:04:00,64,,,-0.418
,16015602,66,0,24/03/11 01:05:00,65,,,-0.407
,16015602,67,0,24/03/11 01:06:00,66,,,-0.501
,16015602,68,0,24/03/11 01:07:00,67,,,-0.407
,16015602,69,0,24/03/11 01:08:00,68,,,-0.501
,16015602,70,0,24/03/11 01:09:00,69,,,-0.449
,16015602,71,0,24/03/11 01:10:00,70,,,-0.313
,16015602,72,0,24/03/11 01:11:00,71,,,-0.418
,16015602,73,0,24/03/11 01:12:00,72,,,-0.574
,16015602,74,0,24/03/11 01:13:00,73,,,-0.376
,16015602,75,0,24/03/11 01:14:00,74,,,-0.491
,16015602,76,0,24/03/11 01:15:00,75,,,-0.24
,16015602,77,7,24/03/11 01:16:00,76,,,-0.324
,16015602,78,0,24/03/11 01:17:00,77,,,-0.344
,16015602,79,0,24/03/11 01:18:00,78,,,-0.449
,16015602,80,0,24/03/11 01:19:00,79,,,-0.365
,16015602,81,0,24/03/11 01:20:00,80,,,-0.376
,16015602,82,0,24/03/11 01:21:00,81,,,-0.553
,16015602,83,0,24/03/11 01:22:00,82,,,-0.48
,16015602,84,0,24/03/11 01:23:00,83,,,-0.491
,16015602,85,0,24/03/11 01:24:00,84,,,-0.47
,16015602,86,0,24/03/11 01:25:00,85,,,-0.501
,16015602,87,0,24/03/11 01:26:00,86,,,-0.699
,16015602,88,0,24/03/11 01:27:00,87,,,-0.71
,16015602,89,0,24/03/11 01:28:00,88,,,-0.783
,16015602,90,0,24/03/11 01:29:00,89,,,-0.752
,16015602,91,0,24/03/11 01:30:00,90,,,-0.585
,16015602,92,0,24/03/11 01:31:00,91,,,-0.846
,16015602,93,7,24/03/11 01:32:00,92,,,-0.741
,16015602,94,0,24/03/11 01:33:00,93,,,-0.689
,16015602,95,0,24/03/11 01:34:00,94,,,-0.772
,16015602,96,0,24/03/11 01:35:00,95,,,-0.772
,16015602,97,0,24/03/11 01:36:00,96,,,-0.741
,16015602,98,0,24/03/11 01:37:00,97,,,-0.71
,16015602,99,0,24/03/11 01:38:00,98,,,-0.595
,16015602,100,0,24/03/11 01:39:00,99,,,-0.595
,16015602,101,0,24/03/11 01:40:00,100,,,-0.459
,16015602,102,0,24/03/11 01:41:00,101,,,-0.564
,16015602,103,0,24/03/11 01:42:00,102,,,-0.47
,16015602,104,0,24/03/11 01:43:00,103,,,-0.532
,16015602,105,0,24/03/11 01:44:00,104,,,-0.355
,16015602,106,0,24/03/11 01:45:00,105,,,-0.616
,16015602,107,0,24/03/11 01:46:00,106,,,-0.574
,16015602,108,0,24/03/11 01:47:00,107,,,-0.428
,16015602,109,0,24/03/11 01:48:00,108,,,-0.543
,16015602,110,0,24/03/11 01:49:00,109,,,-0.355
,16015602,111,0,24/03/11 01:50:00,110,,,-0.438
,16015602,112,0,24/03/11 01:51:00,111,,,-0.585
,16015602,113,0,24/03/11 01:52:00,112,,,-0.689
,16015602,114,0,24/03/11 01:53:00,113,,,-0.866
,16015602,115,0,24/03/11 01:54:00,114,,,-0.96
,16015602,116,0,24/03/11 01:55:00,115,,,-0.866
,16015602,117,0,24/03/11 01:56:00,116,,,-0.919
,16015602,118,0,24/03/11 01:57:00,117,,,-1.096
,16015602,119,0,24/03/11 01:58:00,118,,,-1.159
,16015602,120,0,24/03/11 01:59:00,119,,,-1.127
,16015602,121,0,24/03/11 02:00:00,120,,,-1.159
,16015602,122,0,24/03/11 02:01:00,121,,,-1.274
,16015602,123,0,24/03/11 02:02:00,122,,,-1.336
,16015602,124,0,24/03/11 02:03:00,123,,,-1.315
,16015602,125,0,24/03/11 02:04:00,124,,,-1.472
,16015602,126,0,24/03/11 02:05:00,125,,,-1.618
,16015602,127,0,24/03/11 02:06:00,126,,,-1.66
,16015602,128,0,24/03/11 02:07:00,127,,,-1.472
,16015602,129,0,24/03/11 02:08:00,128,,,-1.493
,16015602,130,0,24/03/11 02:09:00,129,,,-1.848
,16015602,131,0,24/03/11 02:10:00,130,,,-1.733
,16015602,132,0,24/03/11 02:11:00,131,,,-1.754
,16015602,133,0,24/03/11 02:12:00,132,,,-1.743
,16015602,134,0,24/03/11 02:13:00,133,,,-1.743
,16015602,135,0,24/03/11 02:14:00,134,,,-1.691
,16015602,136,0,24/03/11 02:15:00,135,,,-1.816
,16015602,137,7,24/03/11 02:16:00,136,,,-1.67
,16015602,138,0,24/03/11 02:17:00,137,,,-1.628
,16015602,139,0,24/03/11 02:18:00,138,,,-1.754
,16015602,140,0,24/03/11 02:19:00,139,,,-1.576
,16015602,141,0,24/03/11 02:20:00,140,,,-1.649
,16015602,142,0,24/03/11 02:21:00,141,,,-1.639
,16015602,143,0,24/03/11 02:22:00,142,,,-1.743
,16015602,144,0,24/03/11 02:23:00,143,,,-1.785
,16015602,145,0,24/03/11 02:24:00,144,,,-1.754
,16015602,146,0,24/03/11 02:25:00,145,,,-1.775
,16015602,147,0,24/03/11 02:26:00,146,,,-1.701
,16015602,148,0,24/03/11 02:27:00,147,,,-1.879
,16015602,149,0,24/03/11 02:28:00,148,,,-1.701
,16015602,150,0,24/03/11 02:29:00,149,,,-1.816
,16015602,151,0,24/03/11 02:30:00,150,,,-1.785
,16015602,152,0,24/03/11 02:31:00,151,,,-1.806
,16015602,153,7,24/03/11 02:32:00,152,,,-1.848
,16015602,154,0,24/03/11 02:33:00,153,,,-1.848
,16015602,155,0,24/03/11 02:34:00,154,,,-1.795
,16015602,156,0,24/03/11 02:35:00,155,,,-1.722
,16015602,157,0,24/03/11 02:36:00,156,,,-1.9
,16015602,158,0,24/03/11 02:37:00,157,,,-1.806
,16015602,159,0,24/03/11 02:38:00,158,,,-2.203
,16015602,160,0,24/03/11 02:39:00,159,,,-2.056
,16015602,161,0,24/03/11 02:40:00,160,,,-1.931
,16015602,162,0,24/03/11 02:41:00,161,,,-1.973
,16015602,163,0,24/03/11 02:42:00,162,,,-1.983
,16015602,164,0,24/03/11 02:43:00,163,,,-1.994
,16015602,165,0,24/03/11 02:44:00,164,,,-1.9
,16015602,166,0,24/03/11 02:45:00,165,,,-2.025
,16015602,167,0,24/03/11 02:46:00,166,,,-2.14
,16015602,168,0,24/03/11 02:47:00,167,,,-2.046
,16015602,169,0,24/03/11 02:48:00,168,,,-2.161
,16015602,170,0,24/03/11 02:49:00,169,,,-2.056
,16015602,171,0,24/03/11 02:50:00,170,,,-2.046
,16015602,172,0,24/03/11 02:51:00,171,,,-2.046
,16015602,173,0,24/03/11 02:52:00,172,,,-1.889
,16015602,174,0,24/03/11 02:53:00,173,,,-1.952
,16015602,175,0,24/03/11 02:54:00,174,,,-2.223
,16015602,176,0,24/03/11 02:55:00,175,,,-1.962
,16015602,177,0,24/03/11 02:56:00,176,,,-1.879
,16015602,178,0,24/03/11 02:57:00,177,,,-1.806
,16015602,179,0,24/03/11 02:58:00,178,,,-1.806
,16015602,180,0,24/03/11 02:59:00,179,,,-1.921
,16015602,181,0,24/03/11 03:00:00,180,,,-1.754
,16015602,182,0,24/03/11 03:01:00,181,,,-1.879
,16015602,183,0,24/03/11 03:02:00,182,,,-1.795
,16015602,184,0,24/03/11 03:03:00,183,,,-1.754
,16015602,185,0,24/03/11 03:04:00,184,,,-1.91
,16015602,186,0,24/03/11 03:05:00,185,,,-1.848
,16015602,187,0,24/03/11 03:06:00,186,,,-1.858
,16015602,188,0,24/03/11 03:07:00,187,,,-1.837
,16015602,189,0,24/03/11 03:08:00,188,,,-1.743
,16015602,190,0,24/03/11 03:09:00,189,,,-1.816
,16015602,191,0,24/03/11 03:10:00,190,,,-1.9
,16015602,192,0,24/03/11 03:11:00,191,,,-1.983
,16015602,193,0,24/03/11 03:12:00,192,,,-1.848
,16015602,194,0,24/03/11 03:13:00,193,,,-1.952
,16015602,195,0,24/03/11 03:14:00,194,,,-1.879
,16015602,196,0,24/03/11 03:15:00,195,,,-2.077
,16015602,197,7,24/03/11 03:16:00,196,,,-1.754
,16015602,198,0,24/03/11 03:17:00,197,,,-1.806
,16015602,199,0,24/03/11 03:18:00,198,,,-1.618
,16015602,200,0,24/03/11 03:19:00,199,,,-1.931
,16015602,201,0,24/03/11 03:20:00,200,,,-1.9
,16015602,202,0,24/03/11 03:21:00,201,,,-1.869
,16015602,203,0,24/03/11 03:22:00,202,,,-1.9
,16015602,204,0,24/03/11 03:23:00,203,,,-1.952
,16015602,205,0,24/03/11 03:24:00,204,,,-1.931
,16015602,206,0,24/03/11 03:25:00,205,,,-1.921
,16015602,207,0,24/03/11 03:26:00,206,,,-1.869
,16015602,208,0,24/03/11 03:27:00,207,,,-2.036
,16015602,209,0,24/03/11 03:28:00,208,,,-2.036
,16015602,210,0,24/03/11 03:29:00,209,,,-1.9
,16015602,211,0,24/03/11 03:30:00,210,,,-1.712
,16015602,212,0,24/03/11 03:31:00,211,,,-1.691
,16015602,213,7,24/03/11 03:32:00,212,,,-1.597
,16015602,214,0,24/03/11 03:33:00,213,,,-1.701
,16015602,215,0,24/03/11 03:34:00,214,,,-1.597
,16015602,216,0,24/03/11 03:35:00,215,,,-1.649
,16015602,217,0,24/03/11 03:36:00,216,,,-1.681
,16015602,218,0,24/03/11 03:37:00,217,,,-1.649
,16015602,219,0,24/03/11 03:38:00,218,,,-1.649
,16015602,220,0,24/03/11 03:39:00,219,,,-1.837
,16015602,221,0,24/03/11 03:40:00,220,,,-1.733
,16015602,222,0,24/03/11 03:41:00,221,,,-1.618
,16015602,223,0,24/03/11 03:42:00,222,,,-1.618
,16015602,224,0,24/03/11 03:43:00,223,,,-1.691
,16015602,225,0,24/03/11 03:44:00,224,,,-1.66
,16015602,226,0,24/03/11 03:45:00,225,,,-1.785
,16015602,227,0,24/03/11 03:46:00,226,,,-1.743
,16015602,228,0,24/03/11 03:47:00,227,,,-1.681
,16015602,229,0,24/03/11 03:48:00,228,,,-1.858
,16015602,230,0,24/03/11 03:49:00,229,,,-1.837
,16015602,231,0,24/03/11 03:50:00,230,,,-1.837
,16015602,232,0,24/03/11 03:51:00,231,,,-1.827
,16015602,233,0,24/03/11 03:52:00,232,,,-1.816
,16015602,234,0,24/03/11 03:53:00,233,,,-1.827
,16015602,235,0,24/03/11 03:54:00,234,,,-1.754
,16015602,236,0,24/03/11 03:55:00,235,,,-2.036
,16015602,237,0,24/03/11 03:56:00,236,,,-1.691
,16015602,238,0,24/03/11 03:57:00,237,,,-1.722
,16015602,239,0,24/03/11 03:58:00,238,,,-1.806
,16015602,240,0,24/03/11 03:59:00,239,,,-1.848
,16015602,241,0,24/03/11 04:00:00,240,,,-1.837
,16015602,242,0,24/03/11 04:01:00,241,,,-1.649
,16015602,243,0,24/03/11 04:02:00,242,,,-1.639
,16015602,244,0,24/03/11 04:03:00,243,,,-1.597
,16015602,245,0,24/03/11 04:04:00,244,,,-1.493
,16015602,246,0,24/03/11 04:05:00,245,,,-1.545
,16015602,247,0,24/03/11 04:06:00,246,,,-1.618
,16015602,248,0,24/03/11 04:07:00,247,,,-1.576
,16015602,249,0,24/03/11 04:08:00,248,,,-1.806
,16015602,250,0,24/03/11 04:09:00,249,,,-1.743
,16015602,251,0,24/03/11 04:10:00,250,,,-1.827
,16015602,252,0,24/03/11 04:11:00,251,,,-1.931
,16015602,253,0,24/03/11 04:12:00,252,,,-1.743
,16015602,254,0,24/03/11 04:13:00,253,,,-1.775
,16015602,255,0,24/03/11 04:14:00,254,,,-2.077
,16015602,256,0,24/03/11 04:15:00,255,,,-1.827
,16015602,257,7,24/03/11 04:16:00,256,,,-1.962
,16015602,258,0,24/03/11 04:17:00,257,,,-1.942
,16015602,259,0,24/03/11 04:18:00,258,,,-1.931
,16015602,260,0,24/03/11 04:19:00,259,,,-1.994
,16015602,261,0,24/03/11 04:20:00,260,,,-1.921
,16015602,262,0,24/03/11 04:21:00,261,,,-1.952
,16015602,263,0,24/03/11 04:22:00,262,,,-1.931
,16015602,264,0,24/03/11 04:23:00,263,,,-1.795
,16015602,265,0,24/03/11 04:24:00,264,,,-2.025
,16015602,266,0,24/03/11 04:25:00,265,,,-1.889
,16015602,267,0,24/03/11 04:26:00,266,,,-1.952
,16015602,268,0,24/03/11 04:27:00,267,,,-1.869
,16015602,269,0,24/03/11 04:28:00,268,,,-1.931
,16015602,270,0,24/03/11 04:29:00,269,,,-1.858
,16015602,271,0,24/03/11 04:30:00,270,,,-1.942
,16015602,272,0,24/03/11 04:31:00,271,,,-1.942
,16015602,273,0,24/03/11 04:32:00,272,,,-2.015
,16015602,274,0,24/03/11 04:33:00,273,,,-1.942
,16015602,275,0,24/03/11 04:34:00,274,,,-1.921
,16015602,276,0,24/03/11 04:35:00,275,,,-1.858
,16015602,277,0,24/03/11 04:36:00,276,,,-1.91
,16015602,278,0,24/03/11 04:37:00,277,,,-1.806
,16015602,279,0,24/03/11 04:38:00,278,,,-1.9
,16015602,280,0,24/03/11 04:39:00,279,,,-1.983
,16015602,281,0,24/03/11 04:40:00,280,,,-2.025
,16015602,282,0,24/03/11 04:41:00,281,,,-1.889
,16015602,283,0,24/03/11 04:42:00,282,,,-1.889
,16015602,284,0,24/03/11 04:43:00,283,,,-1.9
,16015602,285,0,24/03/11 04:44:00,284,,,-1.837
,16015602,286,0,24/03/11 04:45:00,285,,,-1.827
,16015602,287,0,24/03/11 04:46:00,286,,,-1.628
,16015602,288,0,24/03/11 04:47:00,287,,,-1.597
,16015602,289,0,24/03/11 04:48:00,288,,,-1.503
,16015602,290,0,24/03/11 04:49:00,289,,,-1.388
,16015602,291,0,24/03/11 04:50:00,290,,,-1.441
,16015602,292,0,24/03/11 04:51:00,291,,,-1.503
,16015602,293,0,24/03/11 04:52:00,292,,,-1.42
,16015602,294,0,24/03/11 04:53:00,293,,,-1.482
,16015602,295,0,24/03/11 04:54:00,294,,,-1.441
,16015602,296,0,24/03/11 04:55:00,295,,,-1.336
,16015602,297,0,24/03/11 04:56:00,296,,,-1.221
,16015602,298,0,24/03/11 04:57:00,297,,,-1.211
,16015602,299,0,24/03/11 04:58:00,298,,,-1.086
,16015602,300,0,24/03/11 04:59:00,299,,,-1.096
,16015602,301,0,24/03/11 05:00:00,300,,,-1.023
,16015602,302,0,24/03/11 05:01:00,301,,,-1.117
,16015602,303,0,24/03/11 05:02:00,302,,,-1.169
,16015602,304,0,24/03/11 05:03:00,303,,,-1.18
,16015602,305,0,24/03/11 05:04:00,304,,,-1.232
,16015602,306,0,24/03/11 05:05:00,305,,,-1.347
,16015602,307,0,24/03/11 05:06:00,306,,,-1.357
,16015602,308,0,24/03/11 05:07:00,307,,,-1.472
,16015602,309,0,24/03/11 05:08:00,308,,,-1.451
,16015602,310,0,24/03/11 05:09:00,309,,,-1.545
,16015602,311,0,24/03/11 05:10:00,310,,,-1.66
,16015602,312,0,24/03/11 05:11:00,311,,,-1.608
,16015602,313,0,24/03/11 05:12:00,312,,,-1.587
,16015602,314,0,24/03/11 05:13:00,313,,,-1.597
,16015602,315,0,24/03/11 05:14:00,314,,,-1.534
,16015602,316,0,24/03/11 05:15:00,315,,,-1.566
,16015602,317,0,24/03/11 05:16:00,316,,,-1.743
,16015602,318,0,24/03/11 05:17:00,317,,,-1.754
,16015602,319,0,24/03/11 05:18:00,318,,,-1.775
,16015602,320,0,24/03/11 05:19:00,319,,,-1.795
,16015602,321,0,24/03/11 05:20:00,320,,,-1.733
,16015602,322,0,24/03/11 05:21:00,321,,,-1.775
,16015602,323,0,24/03/11 05:22:00,322,,,-1.597
,16015602,324,0,24/03/11 05:23:00,323,,,-1.628
,16015602,325,0,24/03/11 05:24:00,324,,,-1.712
,16015602,326,0,24/03/11 05:25:00,325,,,-1.66
,16015602,327,0,24/03/11 05:26:00,326,,,-1.534
,16015602,328,0,24/03/11 05:27:00,327,,,-1.587
,16015602,329,0,24/03/11 05:28:00,328,,,-1.493
,16015602,330,0,24/03/11 05:29:00,329,,,-1.534
,16015602,331,0,24/03/11 05:30:00,330,,,-1.315
,16015602,332,0,24/03/11 05:31:00,331,,,-1.211
,16015602,333,0,24/03/11 05:32:00,332,,,-1.367
,16015602,334,0,24/03/11 05:33:00,333,,,-1.274
,16015602,335,0,24/03/11 05:34:00,334,,,-1.253
,16015602,336,0,24/03/11 05:35:00,335,,,-1.347
,16015602,337,0,24/03/11 05:36:00,336,,,-1.388
,16015602,338,0,24/03/11 05:37:00,337,,,-1.284
,16015602,339,0,24/03/11 05:38:00,338,,,-1.315
,16015602,340,0,24/03/11 05:39:00,339,,,-1.315
,16015602,341,0,24/03/11 05:40:00,340,,,-1.43
,16015602,342,0,24/03/11 05:41:00,341,,,-1.274
,16015602,343,0,24/03/11 05:42:00,342,,,-1.305
,16015602,344,0,24/03/11 05:43:00,343,,,-1.284
,16015602,345,0,24/03/11 05:44:00,344,,,-1.2
,16015602,346,0,24/03/11 05:45:00,345,,,-1.159
,16015602,347,7,24/03/11 05:46:00,346,,,-1.127
,16015602,348,0,24/03/11 05:47:00,347,,,-1.232
,16015602,349,0,24/03/11 05:48:00,348,,,-1.315
,16015602,350,0,24/03/11 05:49:00,349,,,-1.232
,16015602,351,0,24/03/11 05:50:00,350,,,-1.232
,16015602,352,0,24/03/11 05:51:00,351,,,-1.148
,16015602,353,0,24/03/11 05:52:00,352,,,-1.242
,16015602,354,0,24/03/11 05:53:00,353,,,-1.263
,16015602,355,0,24/03/11 05:54:00,354,,,-1.232
,16015602,356,0,24/03/11 05:55:00,355,,,-1.263
,16015602,357,0,24/03/11 05:56:00,356,,,-1.461
,16015602,358,0,24/03/11 05:57:00,357,,,-1.388
,16015602,359,0,24/03/11 05:58:00,358,,,-1.514
,16015602,360,0,24/03/11 05:59:00,359,,,-1.461
,16015602,361,0,24/03/11 06:00:00,360,,,-1.555
,16015602,362,7,24/03/11 06:01:00,361,,,-1.545
,16015602,363,0,24/03/11 06:02:00,362,,,-1.461
,16015602,364,0,24/03/11 06:03:00,363,,,-1.566
,16015602,365,0,24/03/11 06:04:00,364,,,-1.534
,16015602,366,0,24/03/11 06:05:00,365,,,-1.503
,16015602,367,0,24/03/11 06:06:00,366,,,-1.378
,16015602,368,0,24/03/11 06:07:00,367,,,-1.253
,16015602,369,0,24/03/11 06:08:00,368,,,-1.305
,16015602,370,0,24/03/11 06:09:00,369,,,-1.42
,16015602,371,0,24/03/11 06:10:00,370,,,-1.534
,16015602,372,0,24/03/11 06:11:00,371,,,-1.472
,16015602,373,0,24/03/11 06:12:00,372,,,-1.743
,16015602,374,0,24/03/11 06:13:00,373,,,-1.722
,16015602,375,0,24/03/11 06:14:00,374,,,-1.691
,16015602,376,0,24/03/11 06:15:00,375,,,-1.869
,16015602,377,0,24/03/11 06:16:00,376,,,-1.775
,16015602,378,0,24/03/11 06:17:00,377,,,-1.827
,16015602,379,0,24/03/11 06:18:00,378,,,-1.942
,16015602,380,0,24/03/11 06:19:00,379,,,-1.91
,16015602,381,0,24/03/11 06:20:00,380,,,-1.681
,16015602,382,0,24/03/11 06:21:00,381,,,-1.691
,16015602,383,0,24/03/11 06:22:00,382,,,-1.514
,16015602,384,0,24/03/11 06:23:00,383,,,-1.545
,16015602,385,0,24/03/11 06:24:00,384,,,-1.545
,16015602,386,0,24/03/11 06:25:00,385,,,-1.514
,16015602,387,0,24/03/11 06:26:00,386,,,-1.388
,16015602,388,0,24/03/11 06:27:00,387,,,-1.503
,16015602,389,0,24/03/11 06:28:00,388,,,-1.503
,16015602,390,0,24/03/11 06:29:00,389,,,-1.649
,16015602,391,0,24/03/11 06:30:00,390,,,-1.701
,16015602,392,0,24/03/11 06:31:00,391,,,-1.785
,16015602,393,0,24/03/11 06:32:00,392,,,-1.785
,16015602,394,0,24/03/11 06:33:00,393,,,-1.795
,16015602,395,0,24/03/11 06:34:00,394,,,-1.67
,16015602,396,0,24/03/11 06:35:00,395,,,-1.639
,16015602,397,0,24/03/11 06:36:00,396,,,-1.712
,16015602,398,0,24/03/11 06:37:00,397,,,-1.764
,16015602,399,0,24/03/11 06:38:00,398,,,-1.816
,16015602,400,0,24/03/11 06:39:00,399,,,-1.91
,16015602,401,0,24/03/11 06:40:00,400,,,-1.91
,16015602,402,0,24/03/11 06:41:00,401,,,-1.879
,16015602,403,0,24/03/11 06:42:00,402,,,-1.942
,16015602,404,0,24/03/11 06:43:00,403,,,-1.837
,16015602,405,0,24/03/11 06:44:00,404,,,-1.67
,16015602,406,0,24/03/11 06:45:00,405,,,-1.806
,16015602,407,7,24/03/11 06:46:00,406,,,-1.66
,16015602,408,0,24/03/11 06:47:00,407,,,-1.649
,16015602,409,0,24/03/11 06:48:00,408,,,-1.649
,16015602,410,0,24/03/11 06:49:00,409,,,-1.597
,16015602,411,0,24/03/11 06:50:00,410,,,-1.608
,16015602,412,0,24/03/11 06:51:00,411,,,-1.618
,16015602,413,0,24/03/11 06:52:00,412,,,-1.482
,16015602,414,0,24/03/11 06:53:00,413,,,-1.514
,16015602,415,0,24/03/11 06:54:00,414,,,-1.566
,16015602,416,0,24/03/11 06:55:00,415,,,-1.566
,16015602,417,0,24/03/11 06:56:00,416,,,-1.534
,16015602,418,0,24/03/11 06:57:00,417,,,-1.409
,16015602,419,0,24/03/11 06:58:00,418,,,-1.493
,16015602,420,0,24/03/11 06:59:00,419,,,-1.555
,16015602,421,0,24/03/11 07:00:00,420,,,-1.409
,16015602,422,7,24/03/11 07:01:00,421,,,-1.566
,16015602,423,0,24/03/11 07:02:00,422,,,-1.608
,16015602,424,0,24/03/11 07:03:00,423,,,-1.315
,16015602,425,0,24/03/11 07:04:00,424,,,-1.597
,16015602,426,0,24/03/11 07:05:00,425,,,-1.002
,16015602,427,0,24/03/11 07:06:00,426,,,-0.95
,16015602,428,0,24/03/11 07:07:00,427,,,-1.065
,16015602,429,0,24/03/11 07:08:00,428,,,-0.835
,16015602,430,0,24/03/11 07:09:00,429,,,-0.637
,16015602,431,0,24/03/11 07:10:00,430,,,-0.71
,16015602,432,0,24/03/11 07:11:00,431,,,-0.668
,16015602,433,0,24/03/11 07:12:00,432,,,-0.23
,16015602,434,0,24/03/11 07:13:00,433,,,0.063
,16015602,435,0,24/03/11 07:14:00,434,,,0.689
,16015602,436,0,24/03/11 07:15:00,435,,,0.929
,16015602,437,0,24/03/11 07:16:00,436,,,1.075
,16015602,438,0,24/03/11 07:17:00,437,,,0.846
,16015602,439,0,24/03/11 07:18:00,438,,,0.981
,16015602,440,0,24/03/11 07:19:00,439,,,1.044
,16015602,441,0,24/03/11 07:20:00,440,,,1.294
,16015602,442,0,24/03/11 07:21:00,441,,,1.555
,16015602,443,0,24/03/11 07:22:00,442,,,2.056
,16015602,444,0,24/03/11 07:23:00,443,,,2.975
,16015602,445,0,24/03/11 07:24:00,444,,,3.518
,16015602,446,0,24/03/11 07:25:00,445,,,4.844
,16015602,447,0,24/03/11 07:26:00,446,,,6.18
,16015602,448,0,24/03/11 07:27:00,447,,,7.38
,16015602,449,0,24/03/11 07:28:00,448,,,7.944
,16015602,450,0,24/03/11 07:29:00,449,,,8.935
,16015602,451,0,24/03/11 07:30:00,450,,,9.927
,16015602,452,0,24/03/11 07:31:00,451,,,11.08
,16015602,453,0,24/03/11 07:32:00,452,,,12.2
,16015602,454,0,24/03/11 07:33:00,453,,,13.32
,16015602,455,0,24/03/11 07:34:00,454,,,14.58
,16015602,456,0,24/03/11 07:35:00,455,,,15.78
,16015602,457,0,24/03/11 07:36:00,456,,,17.15
,16015602,458,0,24/03/11 07:37:00,457,,,18.66
,16015602,459,0,24/03/11 07:38:00,458,,,19.9
,16015602,460,0,24/03/11 07:39:00,459,,,21.45
,16015602,461,0,24/03/11 07:40:00,460,,,23.06
,16015602,462,0,24/03/11 07:41:00,461,,,24.9
,16015602,463,0,24/03/11 07:42:00,462,,,26.89
,16015602,464,0,24/03/11 07:43:00,463,,,29.56
,16015602,465,0,24/03/11 07:44:00,464,,,32.18
,16015602,466,0,24/03/11 07:45:00,465,,,34.89
,16015602,467,7,24/03/11 07:46:00,466,,,37.81
,16015602,468,0,24/03/11 07:47:00,467,,,40.52
,16015602,469,0,24/03/11 07:48:00,468,,,44.05
,16015602,470,0,24/03/11 07:49:00,469,,,47.87
,16015602,471,0,24/03/11 07:50:00,470,,,52.53
,16015602,472,0,24/03/11 07:51:00,471,,,57.13
,16015602,473,0,24/03/11 07:52:00,472,,,60.37
,16015602,474,0,24/03/11 07:53:00,473,,,61.8
,16015602,475,0,24/03/11 07:54:00,474,,,60.82
,16015602,476,0,24/03/11 07:55:00,475,,,58.42
,16015602,477,0,24/03/11 07:56:00,476,,,54.39
,16015602,478,0,24/03/11 07:57:00,477,,,49.25
,16015602,479,0,24/03/11 07:58:00,478,,,45.92
,16015602,480,0,24/03/11 07:59:00,479,,,44.92
,16015602,481,0,24/03/11 08:00:00,480,,,45.31
,16015602,482,0,24/03/11 08:01:00,481,,,46.42
,16015602,483,0,24/03/11 08:02:00,482,,,48.31
,16015602,484,0,24/03/11 08:03:00,483,,,51.58
,16015602,485,0,24/03/11 08:04:00,484,,,56.25
,16015602,486,0,24/03/11 08:05:00,485,,,62.55
,16015602,487,0,24/03/11 08:06:00,486,,,68.13
,16015602,488,0,24/03/11 08:07:00,487,,,71.87
,16015602,489,0,24/03/11 08:08:00,488,,,75.34
,16015602,490,0,24/03/11 08:09:00,489,,,88.92
,16015602,491,0,24/03/11 08:10:00,490,,,99.41
,16015602,492,0,24/03/11 08:11:00,491,,,106
,16015602,493,0,24/03/11 08:12:00,492,,,109.1
,16015602,494,0,24/03/11 08:13:00,493,,,110.2
,16015602,495,0,24/03/11 08:14:00,494,,,111.3
,16015602,496,0,24/03/11 08:15:00,495,,,117.8
,16015602,497,0,24/03/11 08:16:00,496,,,128
,16015602,498,0,24/03/11 08:17:00,497,,,137.9
,16015602,499,0,24/03/11 08:18:00,498,,,144.6
,16015602,500,0,24/03/11 08:19:00,499,,,150.6
,16015602,501,0,24/03/11 08:20:00,500,,,154.5
,16015602,502,0,24/03/11 08:21:00,501,,,156.2
,16015602,503,0,24/03/11 08:22:00,502,,,156.6
,16015602,504,0,24/03/11 08:23:00,503,,,159.6
,16015602,505,0,24/03/11 08:24:00,504,,,169.4
,16015602,506,0,24/03/11 08:25:00,505,,,176
,16015602,507,0,24/03/11 08:26:00,506,,,180.9
,16015602,508,0,24/03/11 08:27:00,507,,,182.8
,16015602,509,0,24/03/11 08:28:00,508,,,178.3
,16015602,510,0,24/03/11 08:29:00,509,,,174.3
,16015602,511,0,24/03/11 08:30:00,510,,,179.5
,16015602,512,0,24/03/11 08:31:00,511,,,186.4
,16015602,513,0,24/03/11 08:32:00,512,,,190.2
,16015602,514,0,24/03/11 08:33:00,513,,,196.1
,16015602,515,0,24/03/11 08:34:00,514,,,202.6
,16015602,516,0,24/03/11 08:35:00,515,,,213.9
,16015602,517,0,24/03/11 08:36:00,516,,,226.3
,16015602,518,0,24/03/11 08:37:00,517,,,237.4
,16015602,519,0,24/03/11 08:38:00,518,,,247.6
,16015602,520,0,24/03/11 08:39:00,519,,,260.3
,16015602,521,0,24/03/11 08:40:00,520,,,266.4
,16015602,522,0,24/03/11 08:41:00,521,,,272.8
,16015602,523,0,24/03/11 08:42:00,522,,,279.4
,16015602,524,0,24/03/11 08:43:00,523,,,284.6
,16015602,525,0,24/03/11 08:44:00,524,,,290.3
,16015602,526,0,24/03/11 08:45:00,525,,,295.8
,16015602,527,7,24/03/11 08:46:00,526,,,299.8
,16015602,528,0,24/03/11 08:47:00,527,,,303.3
,16015602,529,0,24/03/11 08:48:00,528,,,307.6
,16015602,530,0,24/03/11 08:49:00,529,,,312.1
,16015602,531,0,24/03/11 08:50:00,530,,,317.1
,16015602,532,0,24/03/11 08:51:00,531,,,321.1
,16015602,533,0,24/03/11 08:52:00,532,,,326.9
,16015602,534,0,24/03/11 08:53:00,533,,,328.8
,16015602,535,0,24/03/11 08:54:00,534,,,334
,16015602,536,0,24/03/11 08:55:00,535,,,337.1
,16015602,537,0,24/03/11 08:56:00,536,,,340.3
,16015602,538,0,24/03/11 08:57:00,537,,,343.7
,16015602,539,0,24/03/11 08:58:00,538,,,347.4
,16015602,540,0,24/03/11 08:59:00,539,,,350.8
,16015602,541,0,24/03/11 09:00:00,540,,,353.1
,16015602,542,0,24/03/11 09:01:00,541,,,354.6
,16015602,543,0,24/03/11 09:02:00,542,,,357.5
,16015602,544,0,24/03/11 09:03:00,543,,,360.8
,16015602,545,0,24/03/11 09:04:00,544,,,362.4
,16015602,546,0,24/03/11 09:05:00,545,,,366.1
,16015602,547,0,24/03/11 09:06:00,546,,,368.4
,16015602,548,0,24/03/11 09:07:00,547,,,373.2
,16015602,549,0,24/03/11 09:08:00,548,,,376.8
,16015602,550,0,24/03/11 09:09:00,549,,,380.3
,16015602,551,0,24/03/11 09:10:00,550,,,383.9
,16015602,552,0,24/03/11 09:11:00,551,,,387
,16015602,553,0,24/03/11 09:12:00,552,,,393.8
,16015602,554,0,24/03/11 09:13:00,553,,,397.7
,16015602,555,0,24/03/11 09:14:00,554,,,401.7
,16015602,556,0,24/03/11 09:15:00,555,,,404.8
,16015602,557,0,24/03/11 09:16:00,556,,,408.1
,16015602,558,0,24/03/11 09:17:00,557,,,411.3
,16015602,559,0,24/03/11 09:18:00,558,,,416.3
,16015602,560,0,24/03/11 09:19:00,559,,,420.7
,16015602,561,0,24/03/11 09:20:00,560,,,426.6
,16015602,562,0,24/03/11 09:21:00,561,,,429.6
,16015602,563,0,24/03/11 09:22:00,562,,,432.7
,16015602,564,0,24/03/11 09:23:00,563,,,438.1
,16015602,565,0,24/03/11 09:24:00,564,,,442.1
,16015602,566,0,24/03/11 09:25:00,565,,,447.2
,16015602,567,0,24/03/11 09:26:00,566,,,452.4
,16015602,568,0,24/03/11 09:27:00,567,,,456.5
,16015602,569,0,24/03/11 09:28:00,568,,,459.4
,16015602,570,0,24/03/11 09:29:00,569,,,465.1
,16015602,571,0,24/03/11 09:30:00,570,,,470.3
,16015602,572,0,24/03/11 09:31:00,571,,,474.2
,16015602,573,0,24/03/11 09:32:00,572,,,476.7
,16015602,574,0,24/03/11 09:33:00,573,,,478
,16015602,575,0,24/03/11 09:34:00,574,,,481.7
,16015602,576,0,24/03/11 09:35:00,575,,,487.5
,16015602,577,0,24/03/11 09:36:00,576,,,491.7
,16015602,578,0,24/03/11 09:37:00,577,,,495.2
,16015602,579,0,24/03/11 09:38:00,578,,,497.9
,16015602,580,0,24/03/11 09:39:00,579,,,500.4
,16015602,581,0,24/03/11 09:40:00,580,,,503.5
,16015602,582,0,24/03/11 09:41:00,581,,,507.6
,16015602,583,0,24/03/11 09:42:00,582,,,511.6
,16015602,584,0,24/03/11 09:43:00,583,,,515.1
,16015602,585,0,24/03/11 09:44:00,584,,,520.9
,16015602,586,0,24/03/11 09:45:00,585,,,526.1
,16015602,587,7,24/03/11 09:46:00,586,,,529.6
,16015602,588,0,24/03/11 09:47:00,587,,,531.5
,16015602,589,0,24/03/11 09:48:00,588,,,535.2
,16015602,590,0,24/03/11 09:49:00,589,,,538.7
,16015602,591,0,24/03/11 09:50:00,590,,,539.7
,16015602,592,0,24/03/11 09:51:00,591,,,543.9
,16015602,593,0,24/03/11 09:52:00,592,,,546.8
,16015602,594,0,24/03/11 09:53:00,593,,,552.9
,16015602,595,0,24/03/11 09:54:00,594,,,558.5
,16015602,596,0,24/03/11 09:55:00,595,,,560.7
,16015602,597,0,24/03/11 09:56:00,596,,,566.6
,16015602,598,0,24/03/11 09:57:00,597,,,570
,16015602,599,0,24/03/11 09:58:00,598,,,575.1
,16015602,600,0,24/03/11 09:59:00,599,,,579.7
,16015602,601,0,24/03/11 10:00:00,600,,,585.8
,16015602,602,7,24/03/11 10:01:00,601,,,588.4
,16015602,603,0,24/03/11 10:02:00,602,,,591.4
,16015602,604,0,24/03/11 10:03:00,603,,,598.5
,16015602,605,0,24/03/11 10:04:00,604,,,601.5
,16015602,606,0,24/03/11 10:05:00,605,,,605.8
,16015602,607,0,24/03/11 10:06:00,606,,,611.5
,16015602,608,0,24/03/11 10:07:00,607,,,614.8
,16015602,609,0,24/03/11 10:08:00,608,,,619
,16015602,610,0,24/03/11 10:09:00,609,,,623.8
,16015602,611,0,24/03/11 10:10:00,610,,,628.7
,16015602,612,0,24/03/11 10:11:00,611,,,631.5
,16015602,613,0,24/03/11 10:12:00,612,,,634.9
,16015602,614,0,24/03/11 10:13:00,613,,,637.9
,16015602,615,0,24/03/11 10:14:00,614,,,641.1
,16015602,616,0,24/03/11 10:15:00,615,,,644.8
,16015602,617,0,24/03/11 10:16:00,616,,,648.6
,16015602,618,0,24/03/11 10:17:00,617,,,652.7
,16015602,619,0,24/03/11 10:18:00,618,,,655.9
,16015602,620,0,24/03/11 10:19:00,619,,,657.7
,16015602,621,0,24/03/11 10:20:00,620,,,665.4
,16015602,622,0,24/03/11 10:21:00,621,,,670.1
,16015602,623,0,24/03/11 10:22:00,622,,,671.7
,16015602,624,0,24/03/11 10:23:00,623,,,672.8
,16015602,625,0,24/03/11 10:24:00,624,,,673.1
,16015602,626,0,24/03/11 10:25:00,625,,,678.9
,16015602,627,0,24/03/11 10:26:00,626,,,684.7
,16015602,628,0,24/03/11 10:27:00,627,,,684.9
,16015602,629,0,24/03/11 10:28:00,628,,,689.5
,16015602,630,0,24/03/11 10:29:00,629,,,690.9
,16015602,631,0,3/24/2011 10:30,10:30:00,0,0,694
,16015602,632,0,3/24/2011 10:31,10:31:00,1,60,696
,16015602,633,0,24/03/11 10:32:00,10:32:00,2,120,701.1
,16015602,634,0,24/03/11 10:33:00,10:33:00,3,180,704.9
,16015602,635,0,24/03/11 10:34:00,10:34:00,4,240,705.6
,16015602,636,0,24/03/11 10:35:00,10:35:00,5,300,707.6
,16015602,637,0,24/03/11 10:36:00,10:36:00,6,360,711.4
,16015602,638,0,24/03/11 10:37:00,10:37:00,7,420,718.7
,16015602,639,0,24/03/11 10:38:00,10:38:00,8,480,722
,16015602,640,0,24/03/11 10:39:00,10:39:00,9,540,725.2
,16015602,641,0,24/03/11 10:40:00,10:40:00,10,600,728
,16015602,642,0,24/03/11 10:41:00,10:41:00,11,660,731.5
,16015602,643,0,24/03/11 10:42:00,10:42:00,12,720,734.1
,16015602,644,0,24/03/11 10:43:00,10:43:00,13,780,731.6
,16015602,645,0,24/03/11 10:44:00,10:44:00,14,840,736
,16015602,646,0,24/03/11 10:45:00,10:45:00,15,900,741.9
,16015602,647,7,24/03/11 10:46:00,10:46:00,16,960,747
,16015602,648,0,24/03/11 10:47:00,10:47:00,17,1020,750
,16015602,649,0,24/03/11 10:48:00,10:48:00,18,1080,745
,16015602,650,0,24/03/11 10:49:00,10:49:00,19,1140,711.8
,16015602,651,0,24/03/11 10:50:00,10:50:00,20,1200,685.5
,16015602,652,0,24/03/11 10:51:00,10:51:00,21,1260,730.6
,16015602,653,0,24/03/11 10:52:00,10:52:00,22,1320,755.7
,16015602,654,0,24/03/11 10:53:00,10:53:00,23,1380,761.6
,16015602,655,0,24/03/11 10:54:00,10:54:00,24,1440,766.5
,16015602,656,0,24/03/11 10:55:00,10:55:00,25,1500,777.8
,16015602,657,0,24/03/11 10:56:00,10:56:00,26,1560,782.6
,16015602,658,0,24/03/11 10:57:00,10:57:00,27,1620,786.5
,16015602,659,0,24/03/11 10:58:00,10:58:00,28,1680,786.2
,16015602,660,0,24/03/11 10:59:00,10:59:00,29,1740,789.8
,16015602,661,0,24/03/11 11:00:00,11:00:00,30,1800,789.8
,16015602,662,7,24/03/11 11:01:00,11:01:00,31,1860,790.8
,16015602,663,0,24/03/11 11:02:00,11:02:00,32,1920,792.6
,16015602,664,0,24/03/11 11:03:00,11:03:00,33,1980,797
,16015602,665,0,24/03/11 11:04:00,11:04:00,34,2040,794.9
,16015602,666,0,24/03/11 11:05:00,11:05:00,35,2100,796.2
,16015602,667,0,24/03/11 11:06:00,11:06:00,36,2160,803.2
,16015602,668,0,24/03/11 11:07:00,11:07:00,37,2220,810.1
,16015602,669,0,24/03/11 11:08:00,11:08:00,38,2280,812.7
,16015602,670,0,24/03/11 11:09:00,11:09:00,39,2340,816.6
,16015602,671,0,24/03/11 11:10:00,11:10:00,40,2400,813.1
,16015602,672,0,24/03/11 11:11:00,11:11:00,41,2460,815.3
,16015602,673,0,24/03/11 11:12:00,11:12:00,42,2520,818.2
,16015602,674,0,24/03/11 11:13:00,11:13:00,43,2580,820.4
,16015602,675,0,24/03/11 11:14:00,11:14:00,44,2640,826.9
,16015602,676,0,24/03/11 11:15:00,11:15:00,45,2700,828.3
,16015602,677,0,24/03/11 11:16:00,11:16:00,46,2760,832.9
,16015602,678,0,24/03/11 11:17:00,11:17:00,47,2820,848.5
,16015602,679,0,24/03/11 11:18:00,11:18:00,48,2880,871.7
,16015602,680,0,24/03/11 11:19:00,11:19:00,49,2940,880.3
,16015602,681,0,24/03/11 11:20:00,11:20:00,50,3000,880.6
,16015602,682,0,24/03/11 11:21:00,11:21:00,51,3060,881.3
,16015602,683,0,24/03/11 11:22:00,11:22:00,52,3120,885.7
,16015602,684,0,24/03/11 11:23:00,11:23:00,53,3180,886.6
,16015602,685,0,24/03/11 11:24:00,11:24:00,54,3240,885.2
,16015602,686,0,24/03/11 11:25:00,11:25:00,55,3300,889.1
,16015602,687,0,24/03/11 11:26:00,11:26:00,56,3360,894.9
,16015602,688,0,24/03/11 11:27:00,11:27:00,57,3420,892.3
,16015602,689,0,24/03/11 11:28:00,11:28:00,58,3480,904.4
,16015602,690,0,24/03/11 11:29:00,11:29:00,59,3540,915.6
,16015602,691,0,24/03/11 11:30:00,11:30:00,60,3600,953.2
,16015602,692,0,24/03/11 11:31:00,11:31:00,61,3660,960.3
,16015602,693,0,24/03/11 11:32:00,11:32:00,62,3720,945.9
,16015602,694,0,24/03/11 11:33:00,11:33:00,63,3780,840.9
,16015602,695,0,24/03/11 11:34:00,11:34:00,64,3840,758.1
,16015602,696,0,24/03/11 11:35:00,11:35:00,65,3900,722.3
,16015602,697,0,24/03/11 11:36:00,11:36:00,66,3960,700.4
,16015602,698,0,24/03/11 11:37:00,11:37:00,67,4020,702.8
,16015602,699,0,24/03/11 11:38:00,11:38:00,68,4080,711.3
,16015602,700,0,24/03/11 11:39:00,11:39:00,69,4140,714
,16015602,701,0,24/03/11 11:40:00,11:40:00,70,4200,643.8
,16015602,702,0,24/03/11 11:41:00,11:41:00,71,4260,578.5
,16015602,703,0,24/03/11 11:42:00,11:42:00,72,4320,622.2
,16015602,704,0,24/03/11 11:43:00,11:43:00,73,4380,577.5
,16015602,705,0,24/03/11 11:44:00,11:44:00,74,4440,577
,16015602,706,0,24/03/11 11:45:00,11:45:00,75,4500,653.4
,16015602,707,7,24/03/11 11:46:00,11:46:00,76,4560,716
,16015602,708,0,24/03/11 11:47:00,11:47:00,77,4620,725.9
,16015602,709,0,24/03/11 11:48:00,11:48:00,78,4680,751
,16015602,710,0,24/03/11 11:49:00,11:49:00,79,4740,828.4
,16015602,711,0,24/03/11 11:50:00,11:50:00,80,4800,962.8
,16015602,712,0,24/03/11 11:51:00,11:51:00,81,4860,1096.2
,16015602,713,0,24/03/11 11:52:00,11:52:00,82,4920,1125.7
,16015602,714,0,24/03/11 11:53:00,11:53:00,83,4980,1127.9
,16015602,715,0,24/03/11 11:54:00,11:54:00,84,5040,1113.6
,16015602,716,0,24/03/11 11:55:00,11:55:00,85,5100,1080.4
,16015602,717,0,24/03/11 11:56:00,11:56:00,86,5160,1017.9
,16015602,718,0,24/03/11 11:57:00,11:57:00,87,5220,969
,16015602,719,0,24/03/11 11:58:00,11:58:00,88,5280,999.3
,16015602,720,0,24/03/11 11:59:00,11:59:00,89,5340,895
,16015602,721,0,24/03/11 12:00:00,12:00:00,90,5400,886.2
,16015602,722,7,24/03/11 12:01:00,12:01:00,91,5460,930.1
,16015602,723,0,24/03/11 12:02:00,12:02:00,92,5520,943.6
,16015602,724,0,24/03/11 12:03:00,12:03:00,93,5580,962.3
,16015602,725,0,24/03/11 12:04:00,12:04:00,94,5640,993
,16015602,726,0,24/03/11 12:05:00,12:05:00,95,5700,1056.3
,16015602,727,0,24/03/11 12:06:00,12:06:00,96,5760,1150.1
,16015602,728,0,24/03/11 12:07:00,12:07:00,97,5820,1167.8
,16015602,729,0,24/03/11 12:08:00,12:08:00,98,5880,1168.8
,16015602,730,0,24/03/11 12:09:00,12:09:00,99,5940,1178.8
,16015602,731,0,24/03/11 12:10:00,12:10:00,100,6000,1155.2
,16015602,732,0,24/03/11 12:11:00,12:11:00,101,6060,1049.8
,16015602,733,0,24/03/11 12:12:00,12:12:00,102,6120,931.2
,16015602,734,0,24/03/11 12:13:00,12:13:00,103,6180,1042.6
,16015602,735,0,24/03/11 12:14:00,12:14:00,104,6240,1110.7
,16015602,736,0,24/03/11 12:15:00,12:15:00,105,6300,1216.4
,16015602,737,0,24/03/11 12:16:00,12:16:00,106,6360,1212.7
,16015602,738,0,24/03/11 12:17:00,12:17:00,107,6420,1211.1
,16015602,739,0,24/03/11 12:18:00,12:18:00,108,6480,1208.9
,16015602,740,0,24/03/11 12:19:00,12:19:00,109,6540,1193
,16015602,741,0,24/03/11 12:20:00,12:20:00,110,6600,1184.6
,16015602,742,0,24/03/11 12:21:00,12:21:00,111,6660,1143.3
,16015602,743,0,24/03/11 12:22:00,12:22:00,112,6720,981.8
,16015602,744,0,24/03/11 12:23:00,12:23:00,113,6780,926.6
,16015602,745,0,24/03/11 12:24:00,12:24:00,114,6840,877.6
,16015602,746,0,24/03/11 12:25:00,12:25:00,115,6900,911.7
,16015602,747,0,24/03/11 12:26:00,12:26:00,116,6960,977.4
,16015602,748,0,24/03/11 12:27:00,12:27:00,117,7020,1059
,16015602,749,0,24/03/11 12:28:00,12:28:00,118,7080,1163.8
,16015602,750,0,24/03/11 12:29:00,12:29:00,119,7140,1142.4
,16015602,751,0,24/03/11 12:30:00,12:30:00,120,7200,1082.7
,16015602,752,0,24/03/11 12:31:00,12:31:00,121,7260,1028.7
,16015602,753,0,24/03/11 12:32:00,12:32:00,122,7320,1053.7
,16015602,754,0,24/03/11 12:33:00,12:33:00,123,7380,1128.8
,16015602,755,0,24/03/11 12:34:00,12:34:00,124,7440,940
,16015602,756,0,24/03/11 12:35:00,12:35:00,125,7500,857.1
,16015602,757,0,24/03/11 12:36:00,12:36:00,126,7560,858.4
,16015602,758,0,24/03/11 12:37:00,12:37:00,127,7620,902.4
,16015602,759,0,24/03/11 12:38:00,12:38:00,128,7680,1100.9
,16015602,760,0,24/03/11 12:39:00,12:39:00,129,7740,1156.7
,16015602,761,0,24/03/11 12:40:00,12:40:00,130,7800,1064.1
,16015602,762,0,24/03/11 12:41:00,12:41:00,131,7860,1143
,16015602,763,0,24/03/11 12:42:00,12:42:00,132,7920,1154.3
,16015602,764,0,24/03/11 12:43:00,12:43:00,133,7980,953.8
,16015602,765,0,24/03/11 12:44:00,12:44:00,134,8040,961.4
,16015602,766,0,24/03/11 12:45:00,12:45:00,135,8100,947.5
,16015602,767,7,24/03/11 12:46:00,12:46:00,136,8160,929.9
,16015602,768,0,24/03/11 12:47:00,12:47:00,137,8220,1116.5
,16015602,769,0,24/03/11 12:48:00,12:48:00,138,8280,1144
,16015602,770,0,24/03/11 12:49:00,12:49:00,139,8340,952.6
,16015602,771,0,24/03/11 12:50:00,12:50:00,140,8400,891.9
,16015602,772,0,24/03/11 12:51:00,12:51:00,141,8460,959.8
,16015602,773,0,24/03/11 12:52:00,12:52:00,142,8520,1001.1
,16015602,774,0,24/03/11 12:53:00,12:53:00,143,8580,985.9
,16015602,775,0,24/03/11 12:54:00,12:54:00,144,8640,1286
,16015602,776,0,24/03/11 12:55:00,12:55:00,145,8700,1129.6
,16015602,777,0,24/03/11 12:56:00,12:56:00,146,8760,727.1
,16015602,778,0,24/03/11 12:57:00,12:57:00,147,8820,662.4
,16015602,779,0,24/03/11 12:58:00,12:58:00,148,8880,615.9
,16015602,780,0,24/03/11 12:59:00,12:59:00,149,8940,721.6
,16015602,781,0,24/03/11 13:00:00,13:00:00,150,9000,719.2
,16015602,782,0,24/03/11 13:01:00,13:01:00,151,9060,1093.5
,16015602,783,0,24/03/11 13:02:00,13:02:00,152,9120,1132.3
,16015602,784,0,24/03/11 13:03:00,13:03:00,153,9180,1177.2
,16015602,785,0,24/03/11 13:04:00,13:04:00,154,9240,1351.1
,16015602,786,0,24/03/11 13:05:00,13:05:00,155,9300,1112.5
,16015602,787,0,24/03/11 13:06:00,13:06:00,156,9360,871.1
,16015602,788,0,24/03/11 13:07:00,13:07:00,157,9420,1003
,16015602,789,0,24/03/11 13:08:00,13:08:00,158,9480,1156.6
,16015602,790,0,24/03/11 13:09:00,13:09:00,159,9540,1325.4
,16015602,791,0,24/03/11 13:10:00,13:10:00,160,9600,1307.8
,16015602,792,0,24/03/11 13:11:00,13:11:00,161,9660,1163.2
,16015602,793,0,24/03/11 13:12:00,13:12:00,162,9720,1111.1
,16015602,794,0,24/03/11 13:13:00,13:13:00,163,9780,1053.4
,16015602,795,0,24/03/11 13:14:00,13:14:00,164,9840,1146.7
,16015602,796,0,24/03/11 13:15:00,13:15:00,165,9900,1176.1
,16015602,797,0,24/03/11 13:16:00,13:16:00,166,9960,1132.2
,16015602,798,0,24/03/11 13:17:00,13:17:00,167,10020,1075.4
,16015602,799,0,24/03/11 13:18:00,13:18:00,168,10080,768.9
,16015602,800,0,24/03/11 13:19:00,13:19:00,169,10140,992.2
,16015602,801,0,24/03/11 13:20:00,13:20:00,170,10200,705.7
,16015602,802,0,24/03/11 13:21:00,13:21:00,171,10260,628.1
,16015602,803,0,24/03/11 13:22:00,13:22:00,172,10320,757.4
,16015602,804,0,24/03/11 13:23:00,13:23:00,173,10380,1059.4
,16015602,805,0,24/03/11 13:24:00,13:24:00,174,10440,1155.8
,16015602,806,0,24/03/11 13:25:00,13:25:00,175,10500,1041.8
,16015602,807,0,24/03/11 13:26:00,13:26:00,176,10560,1216.9
,16015602,808,0,24/03/11 13:27:00,13:27:00,177,10620,1097.4
,16015602,809,0,24/03/11 13:28:00,13:28:00,178,10680,1144
,16015602,810,0,24/03/11 13:29:00,13:29:00,179,10740,995.7
,16015602,811,0,24/03/11 13:30:00,13:30:00,180,10800,1147.6
,16015602,812,0,24/03/11 13:31:00,13:31:00,181,10860,906
,16015602,813,0,24/03/11 13:32:00,13:32:00,182,10920,918.5
,16015602,814,0,24/03/11 13:33:00,13:33:00,183,10980,1160.9
,16015602,815,0,24/03/11 13:34:00,13:34:00,184,11040,1133
,16015602,816,0,24/03/11 13:35:00,13:35:00,185,11100,957.3
,16015602,817,0,24/03/11 13:36:00,13:36:00,186,11160,833.6
,16015602,818,0,24/03/11 13:37:00,13:37:00,187,11220,814.6
,16015602,819,0,24/03/11 13:38:00,13:38:00,188,11280,925.2
,16015602,820,0,24/03/11 13:39:00,13:39:00,189,11340,1079.1
,16015602,821,0,24/03/11 13:40:00,13:40:00,190,11400,1021.5
,16015602,822,0,24/03/11 13:41:00,13:41:00,191,11460,976.2
,16015602,823,0,24/03/11 13:42:00,13:42:00,192,11520,1099.2
,16015602,824,0,24/03/11 13:43:00,13:43:00,193,11580,1092.2
,16015602,825,0,24/03/11 13:44:00,13:44:00,194,11640,1048.8
,16015602,826,0,24/03/11 13:45:00,13:45:00,195,11700,1035.2
,16015602,827,7,24/03/11 13:46:00,13:46:00,196,11760,1113.8
,16015602,828,0,24/03/11 13:47:00,13:47:00,197,11820,1102.4
,16015602,829,0,24/03/11 13:48:00,13:48:00,198,11880,1003.4
,16015602,830,0,24/03/11 13:49:00,13:49:00,199,11940,976.5
,16015602,831,0,24/03/11 13:50:00,13:50:00,200,12000,1065.6
,16015602,832,0,24/03/11 13:51:00,13:51:00,201,12060,1070.6
,16015602,833,0,24/03/11 13:52:00,13:52:00,202,12120,1068.3
,16015602,834,0,24/03/11 13:53:00,13:53:00,203,12180,1055.1
,16015602,835,0,24/03/11 13:54:00,13:54:00,204,12240,1064.7
,16015602,836,0,24/03/11 13:55:00,13:55:00,205,12300,1063.8
,16015602,837,0,24/03/11 13:56:00,13:56:00,206,12360,1060.5
,16015602,838,0,24/03/11 13:57:00,13:57:00,207,12420,1060
,16015602,839,0,24/03/11 13:58:00,13:58:00,208,12480,1061.4
,16015602,840,0,24/03/11 13:59:00,13:59:00,209,12540,1057.2
,16015602,841,0,24/03/11 14:00:00,14:00:00,210,12600,1062.8
,16015602,842,0,24/03/11 14:01:00,14:01:00,211,12660,1067.3
,16015602,843,0,24/03/11 14:02:00,14:02:00,212,12720,1059.1
,16015602,844,0,24/03/11 14:03:00,14:03:00,213,12780,1062
,16015602,845,0,24/03/11 14:04:00,14:04:00,214,12840,1064.1
,16015602,846,0,24/03/11 14:05:00,14:05:00,215,12900,1053.6
,16015602,847,0,24/03/11 14:06:00,14:06:00,216,12960,1043.4
,16015602,848,0,24/03/11 14:07:00,14:07:00,217,13020,1026.1
,16015602,849,0,24/03/11 14:08:00,14:08:00,218,13080,1019.2
,16015602,850,0,24/03/11 14:09:00,14:09:00,219,13140,1016.8
,16015602,851,0,24/03/11 14:10:00,14:10:00,220,13200,1015.8
,16015602,852,0,24/03/11 14:11:00,14:11:00,221,13260,997.3
,16015602,853,0,24/03/11 14:12:00,14:12:00,222,13320,998.2
,16015602,854,0,24/03/11 14:13:00,14:13:00,223,13380,997.2
,16015602,855,0,24/03/11 14:14:00,14:14:00,224,13440,988.8
,16015602,856,0,24/03/11 14:15:00,14:15:00,225,13500,985.6
,16015602,857,0,24/03/11 14:16:00,14:16:00,226,13560,993.7
,16015602,858,0,24/03/11 14:17:00,14:17:00,227,13620,1001.5
,16015602,859,0,24/03/11 14:18:00,14:18:00,228,13680,1009.4
,16015602,860,0,24/03/11 14:19:00,14:19:00,229,13740,1012.4
,16015602,861,0,24/03/11 14:20:00,14:20:00,230,13800,992.5
,16015602,862,0,24/03/11 14:21:00,14:21:00,231,13860,967.9
,16015602,863,0,24/03/11 14:22:00,14:22:00,232,13920,920.5
,16015602,864,0,24/03/11 14:23:00,14:23:00,233,13980,871.8
,16015602,865,0,24/03/11 14:24:00,14:24:00,234,14040,797.3
,16015602,866,0,24/03/11 14:25:00,14:25:00,235,14100,777.6
,16015602,867,0,24/03/11 14:26:00,14:26:00,236,14160,774.1
,16015602,868,0,24/03/11 14:27:00,14:27:00,237,14220,777.8
,16015602,869,0,24/03/11 14:28:00,14:28:00,238,14280,782.1
,16015602,870,0,24/03/11 14:29:00,14:29:00,239,14340,798.3
,16015602,871,0,24/03/11 14:30:00,14:30:00,240,14400,837.7
,16015602,872,0,24/03/11 14:31:00,14:31:00,241,14460,830.8
,16015602,873,0,24/03/11 14:32:00,14:32:00,242,14520,831
,16015602,874,0,24/03/11 14:33:00,14:33:00,243,14580,804.1
,16015602,875,0,24/03/11 14:34:00,14:34:00,244,14640,786
,16015602,876,0,24/03/11 14:35:00,14:35:00,245,14700,723.9
,16015602,877,0,24/03/11 14:36:00,14:36:00,246,14760,676.3
,16015602,878,0,24/03/11 14:37:00,14:37:00,247,14820,722.9
,16015602,879,0,24/03/11 14:38:00,14:38:00,248,14880,745
,16015602,880,0,24/03/11 14:39:00,14:39:00,249,14940,762.9
,16015602,881,0,24/03/11 14:40:00,14:40:00,250,15000,704.7
,16015602,882,0,24/03/11 14:41:00,14:41:00,251,15060,582.6
,16015602,883,0,24/03/11 14:42:00,14:42:00,252,15120,535.2
,16015602,884,0,24/03/11 14:43:00,14:43:00,253,15180,524.4
,16015602,885,0,24/03/11 14:44:00,14:44:00,254,15240,512.7
,16015602,886,0,24/03/11 14:45:00,14:45:00,255,15300,518.8
,16015602,887,7,24/03/11 14:46:00,14:46:00,256,15360,499.3
,16015602,888,0,24/03/11 14:47:00,14:47:00,257,15420,542.4
,16015602,889,0,24/03/11 14:48:00,14:48:00,258,15480,530.4
,16015602,890,0,24/03/11 14:49:00,14:49:00,259,15540,547.2
,16015602,891,0,24/03/11 14:50:00,14:50:00,260,15600,549.1
,16015602,892,0,24/03/11 14:51:00,14:51:00,261,15660,550.2
,16015602,893,0,24/03/11 14:52:00,14:52:00,262,15720,554.7
,16015602,894,0,24/03/11 14:53:00,14:53:00,263,15780,539.7
,16015602,895,0,24/03/11 14:54:00,14:54:00,264,15840,478.1
,16015602,896,0,24/03/11 14:55:00,14:55:00,265,15900,463.8
,16015602,897,0,24/03/11 14:56:00,14:56:00,266,15960,481
,16015602,898,0,24/03/11 14:57:00,14:57:00,267,16020,500.4
,16015602,899,0,24/03/11 14:58:00,14:58:00,268,16080,462.3
,16015602,900,0,24/03/11 14:59:00,14:59:00,269,16140,438.1
,16015602,901,0,24/03/11 15:00:00,15:00:00,270,16200,460.1
,16015602,902,7,24/03/11 15:01:00,15:01:00,271,16260,478
,16015602,903,0,24/03/11 15:02:00,15:02:00,272,16320,483.9
,16015602,904,0,24/03/11 15:03:00,15:03:00,273,16380,513.2
,16015602,905,0,24/03/11 15:04:00,15:04:00,274,16440,567.8
,16015602,906,0,24/03/11 15:05:00,15:05:00,275,16500,620.8
,16015602,907,0,24/03/11 15:06:00,15:06:00,276,16560,661.3
,16015602,908,0,24/03/11 15:07:00,15:07:00,277,16620,659.8
,16015602,909,0,24/03/11 15:08:00,15:08:00,278,16680,648.2
,16015602,910,0,24/03/11 15:09:00,15:09:00,279,16740,617.5
,16015602,911,0,24/03/11 15:10:00,15:10:00,280,16800,669.1
,16015602,912,0,24/03/11 15:11:00,15:11:00,281,16860,646.8
,16015602,913,0,24/03/11 15:12:00,15:12:00,282,16920,658.6
,16015602,914,0,24/03/11 15:13:00,15:13:00,283,16980,645.9
,16015602,915,0,24/03/11 15:14:00,15:14:00,284,17040,632.1
,16015602,916,0,24/03/11 15:15:00,15:15:00,285,17100,590.1
,16015602,917,0,24/03/11 15:16:00,15:16:00,286,17160,617.1
,16015602,918,0,24/03/11 15:17:00,15:17:00,287,17220,594.7
,16015602,919,0,24/03/11 15:18:00,15:18:00,288,17280,560.9
,16015602,920,0,24/03/11 15:19:00,15:19:00,289,17340,468
,16015602,921,0,24/03/11 15:20:00,15:20:00,290,17400,474.1
,16015602,922,0,24/03/11 15:21:00,15:21:00,291,17460,479.7
,16015602,923,0,24/03/11 15:22:00,15:22:00,292,17520,480.5
,16015602,924,0,24/03/11 15:23:00,15:23:00,293,17580,477.5
,16015602,925,0,24/03/11 15:24:00,15:24:00,294,17640,470.2
,16015602,926,0,24/03/11 15:25:00,15:25:00,295,17700,428.7
,16015602,927,0,24/03/11 15:26:00,15:26:00,296,17760,418.3
,16015602,928,0,24/03/11 15:27:00,15:27:00,297,17820,502.9
,16015602,929,0,24/03/11 15:28:00,15:28:00,298,17880,513.1
,16015602,930,0,24/03/11 15:29:00,15:29:00,299,17940,542.2
,16015602,931,0,24/03/11 15:30:00,15:30:00,300,18000,560.2
,16015602,932,0,24/03/11 15:31:00,15:31:00,301,18060,542
,16015602,933,0,24/03/11 15:32:00,15:32:00,302,18120,521
,16015602,934,0,24/03/11 15:33:00,15:33:00,303,18180,538
,16015602,935,0,24/03/11 15:34:00,15:34:00,304,18240,521.9
,16015602,936,0,24/03/11 15:35:00,15:35:00,305,18300,516.8
,16015602,937,0,24/03/11 15:36:00,15:36:00,306,18360,515.2
,16015602,938,0,24/03/11 15:37:00,15:37:00,307,18420,496.4
,16015602,939,0,24/03/11 15:38:00,15:38:00,308,18480,468.2
,16015602,940,0,24/03/11 15:39:00,15:39:00,309,18540,459.8
,16015602,941,0,24/03/11 15:40:00,15:40:00,310,18600,457.8
,16015602,942,0,24/03/11 15:41:00,15:41:00,311,18660,461
,16015602,943,0,24/03/11 15:42:00,15:42:00,312,18720,473.8
,16015602,944,0,24/03/11 15:43:00,15:43:00,313,18780,498.1
,16015602,945,0,24/03/11 15:44:00,15:44:00,314,18840,513.5
,16015602,946,0,24/03/11 15:45:00,15:45:00,315,18900,551.6
,16015602,947,7,24/03/11 15:46:00,15:46:00,316,18960,573.3
,16015602,948,0,24/03/11 15:47:00,15:47:00,317,19020,606.6
,16015602,949,0,24/03/11 15:48:00,15:48:00,318,19080,650.3
,16015602,950,0,24/03/11 15:49:00,15:49:00,319,19140,664.6
,16015602,951,0,24/03/11 15:50:00,15:50:00,320,19200,653.4
,16015602,952,0,24/03/11 15:51:00,15:51:00,321,19260,698
,16015602,953,0,24/03/11 15:52:00,15:52:00,322,19320,731.7
,16015602,954,0,24/03/11 15:53:00,15:53:00,323,19380,720
,16015602,955,0,24/03/11 15:54:00,15:54:00,324,19440,714.6
,16015602,956,0,24/03/11 15:55:00,15:55:00,325,19500,700.4
,16015602,957,0,24/03/11 15:56:00,15:56:00,326,19560,697.4
,16015602,958,0,24/03/11 15:57:00,15:57:00,327,19620,667.7
,16015602,959,0,24/03/11 15:58:00,15:58:00,328,19680,677.6
,16015602,960,0,24/03/11 15:59:00,15:59:00,329,19740,653.3
,16015602,961,0,24/03/11 16:00:00,16:00:00,330,19800,654.4
,16015602,962,7,24/03/11 16:01:00,16:01:00,331,19860,635.6
,16015602,963,0,24/03/11 16:02:00,16:02:00,332,19920,590.4
,16015602,964,0,24/03/11 16:03:00,16:03:00,333,19980,544.1
,16015602,965,0,24/03/11 16:04:00,16:04:00,334,20040,506.1
,16015602,966,0,24/03/11 16:05:00,16:05:00,335,20100,507.6
,16015602,967,0,24/03/11 16:06:00,16:06:00,336,20160,509.5
,16015602,968,0,24/03/11 16:07:00,16:07:00,337,20220,483.6
,16015602,969,0,24/03/11 16:08:00,16:08:00,338,20280,455.6
,16015602,970,0,24/03/11 16:09:00,16:09:00,339,20340,431.7
,16015602,971,0,24/03/11 16:10:00,16:10:00,340,20400,397.6
,16015602,972,0,24/03/11 16:11:00,16:11:00,341,20460,375.9
,16015602,973,0,24/03/11 16:12:00,16:12:00,342,20520,353.4
,16015602,974,0,24/03/11 16:13:00,16:13:00,343,20580,345
,16015602,975,0,24/03/11 16:14:00,16:14:00,344,20640,327.9
,16015602,976,0,24/03/11 16:15:00,16:15:00,345,20700,315.6
,16015602,977,0,24/03/11 16:16:00,16:16:00,346,20760,303.4
,16015602,978,0,24/03/11 16:17:00,16:17:00,347,20820,295.8
,16015602,979,0,24/03/11 16:18:00,16:18:00,348,20880,290.6
,16015602,980,0,24/03/11 16:19:00,16:19:00,349,20940,285.7
,16015602,981,0,24/03/11 16:20:00,16:20:00,350,21000,278.4
,16015602,982,0,24/03/11 16:21:00,16:21:00,351,21060,271.1
,16015602,983,0,24/03/11 16:22:00,16:22:00,352,21120,266.6
,16015602,984,0,24/03/11 16:23:00,16:23:00,353,21180,262.8
,16015602,985,0,24/03/11 16:24:00,16:24:00,354,21240,258.6
,16015602,986,0,24/03/11 16:25:00,16:25:00,355,21300,255.3
,16015602,987,0,24/03/11 16:26:00,16:26:00,356,21360,253.1
,16015602,988,0,24/03/11 16:27:00,16:27:00,357,21420,250.4
,16015602,989,0,24/03/11 16:28:00,16:28:00,358,21480,248
,16015602,990,0,24/03/11 16:29:00,16:29:00,359,21540,247.6
,16015602,991,0,24/03/11 16:30:00,16:30:00,360,21600,246.6
,16015602,992,0,24/03/11 16:31:00,16:31:00,361,21660,246.4
,16015602,993,0,24/03/11 16:32:00,16:32:00,362,21720,246.4
,16015602,994,0,24/03/11 16:33:00,16:33:00,363,21780,246.8
,16015602,995,0,24/03/11 16:34:00,16:34:00,364,21840,248
,16015602,996,0,24/03/11 16:35:00,16:35:00,365,21900,248
,16015602,997,0,24/03/11 16:36:00,16:36:00,366,21960,249.1
,16015602,998,0,24/03/11 16:37:00,16:37:00,367,22020,250.6
,16015602,999,0,24/03/11 16:38:00,16:38:00,368,22080,252.6
,16015602,1000,0,24/03/11 16:39:00,16:39:00,369,22140,255.2
,16015602,1001,0,24/03/11 16:40:00,16:40:00,370,22200,258.9
,16015602,1002,0,24/03/11 16:41:00,16:41:00,371,22260,262.4
,16015602,1003,0,24/03/11 16:42:00,16:42:00,372,22320,262.8
,16015602,1004,0,24/03/11 16:43:00,16:43:00,373,22380,264.3
,16015602,1005,0,24/03/11 16:44:00,16:44:00,374,22440,266.7
,16015602,1006,0,24/03/11 16:45:00,16:45:00,375,22500,273.3
,16015602,1007,7,24/03/11 16:46:00,16:46:00,376,22560,277.4
,16015602,1008,0,24/03/11 16:47:00,16:47:00,377,22620,281.6
,16015602,1009,0,24/03/11 16:48:00,16:48:00,378,22680,288.4
,16015602,1010,0,24/03/11 16:49:00,16:49:00,379,22740,290.7
,16015602,1011,0,24/03/11 16:50:00,16:50:00,380,22800,298.4
,16015602,1012,0,24/03/11 16:51:00,16:51:00,381,22860,310.9
,16015602,1013,0,24/03/11 16:52:00,16:52:00,382,22920,328.8
,16015602,1014,0,24/03/11 16:53:00,16:53:00,383,22980,349.4
,16015602,1015,0,24/03/11 16:54:00,16:54:00,384,23040,345.5
,16015602,1016,0,24/03/11 16:55:00,16:55:00,385,23100,340.3
,16015602,1017,0,24/03/11 16:56:00,16:56:00,386,23160,334.2
,16015602,1018,0,24/03/11 16:57:00,16:57:00,387,23220,325.8
,16015602,1019,0,24/03/11 16:58:00,16:58:00,388,23280,321.3
,16015602,1020,0,24/03/11 16:59:00,16:59:00,389,23340,319.1
,16015602,1021,0,24/03/11 17:00:00,17:00:00,390,23400,314.1
,16015602,1022,7,24/03/11 17:01:00,17:01:00,391,23460,314.8
,16015602,1023,0,24/03/11 17:02:00,17:02:00,392,23520,312.4
,16015602,1024,0,24/03/11 17:03:00,17:03:00,393,23580,312.4
,16015602,1025,0,24/03/11 17:04:00,17:04:00,394,23640,300.8
,16015602,1026,0,24/03/11 17:05:00,17:05:00,395,23700,271.5
,16015602,1027,0,24/03/11 17:06:00,17:06:00,396,23760,264
,16015602,1028,0,24/03/11 17:07:00,17:07:00,397,23820,256.5
,16015602,1029,0,24/03/11 17:08:00,17:08:00,398,23880,252.9
,16015602,1030,0,24/03/11 17:09:00,17:09:00,399,23940,252.8
,16015602,1031,0,24/03/11 17:10:00,17:10:00,400,24000,259.7
,16015602,1032,0,24/03/11 17:11:00,17:11:00,401,24060,276.1
,16015602,1033,0,24/03/11 17:12:00,17:12:00,402,24120,275.7
,16015602,1034,0,24/03/11 17:13:00,17:13:00,403,24180,281.3
,16015602,1035,0,24/03/11 17:14:00,17:14:00,404,24240,281
,16015602,1036,0,24/03/11 17:15:00,17:15:00,405,24300,267.5
,16015602,1037,0,24/03/11 17:16:00,17:16:00,406,24360,259.6
,16015602,1038,0,24/03/11 17:17:00,17:17:00,407,24420,266.3
,16015602,1039,0,24/03/11 17:18:00,17:18:00,408,24480,260.3
,16015602,1040,0,24/03/11 17:19:00,17:19:00,409,24540,243.4
,16015602,1041,0,24/03/11 17:20:00,17:20:00,410,24600,232.6
,16015602,1042,0,24/03/11 17:21:00,17:21:00,411,24660,229.5
,16015602,1043,0,24/03/11 17:22:00,17:22:00,412,24720,228.8
,16015602,1044,0,24/03/11 17:23:00,17:23:00,413,24780,227.7
,16015602,1045,0,24/03/11 17:24:00,17:24:00,414,24840,224.9
,16015602,1046,0,24/03/11 17:25:00,17:25:00,415,24900,223.1
,16015602,1047,0,24/03/11 17:26:00,17:26:00,416,24960,221.8
,16015602,1048,0,24/03/11 17:27:00,17:27:00,417,25020,220.5
,16015602,1049,0,24/03/11 17:28:00,17:28:00,418,25080,220.6
,16015602,1050,0,24/03/11 17:29:00,17:29:00,419,25140,221.3
,16015602,1051,0,24/03/11 17:30:00,17:30:00,420,25200,222.2
,16015602,1052,0,24/03/11 17:31:00,17:31:00,421,25260,221.7
,16015602,1053,0,24/03/11 17:32:00,17:32:00,422,25320,221.8
,16015602,1054,0,24/03/11 17:33:00,17:33:00,423,25380,222.2
,16015602,1055,0,24/03/11 17:34:00,17:34:00,424,25440,223.2
,16015602,1056,0,24/03/11 17:35:00,17:35:00,425,25500,225
,16015602,1057,0,24/03/11 17:36:00,17:36:00,426,25560,224.1
,16015602,1058,0,24/03/11 17:37:00,17:37:00,427,25620,226.7
,16015602,1059,0,24/03/11 17:38:00,17:38:00,428,25680,226.6
,16015602,1060,0,24/03/11 17:39:00,17:39:00,429,25740,225.8
,16015602,1061,0,24/03/11 17:40:00,17:40:00,430,25800,226.8
,16015602,1062,0,24/03/11 17:41:00,17:41:00,431,25860,227.4
,16015602,1063,0,24/03/11 17:42:00,17:42:00,432,25920,235.9
,16015602,1064,0,24/03/11 17:43:00,17:43:00,433,25980,278
,16015602,1065,0,24/03/11 17:44:00,17:44:00,434,26040,275.7
,16015602,1066,0,24/03/11 17:45:00,17:45:00,435,26100,300.7
,16015602,1067,7,24/03/11 17:46:00,17:46:00,436,26160,282.4
,16015602,1068,0,24/03/11 17:47:00,17:47:00,437,26220,251.7
,16015602,1069,0,24/03/11 17:48:00,17:48:00,438,26280,223.4
,16015602,1070,0,24/03/11 17:49:00,17:49:00,439,26340,257.1
,16015602,1071,0,24/03/11 17:50:00,17:50:00,440,26400,305.2
,16015602,1072,0,24/03/11 17:51:00,17:51:00,441,26460,315.4
,16015602,1073,0,24/03/11 17:52:00,17:52:00,442,26520,243.2
,16015602,1074,0,24/03/11 17:53:00,17:53:00,443,26580,236.7
,16015602,1075,0,24/03/11 17:54:00,17:54:00,444,26640,205.3
,16015602,1076,0,24/03/11 17:55:00,17:55:00,445,26700,194.5
,16015602,1077,0,24/03/11 17:56:00,17:56:00,446,26760,191.7
,16015602,1078,0,24/03/11 17:57:00,17:57:00,447,26820,194.6
,16015602,1079,0,24/03/11 17:58:00,17:58:00,448,26880,191.7
,16015602,1080,0,24/03/11 17:59:00,17:59:00,449,26940,225.7
,16015602,1081,0,24/03/11 18:00:00,18:00:00,450,27000,242.9
,16015602,1082,7,24/03/11 18:01:00,18:01:00,451,27060,181.6
,16015602,1083,0,24/03/11 18:02:00,18:02:00,452,27120,163.1
,16015602,1084,0,24/03/11 18:03:00,18:03:00,453,27180,162.5
,16015602,1085,0,24/03/11 18:04:00,18:04:00,454,27240,157.1
,16015602,1086,0,24/03/11 18:05:00,18:05:00,455,27300,155.2
,16015602,1087,0,24/03/11 18:06:00,18:06:00,456,27360,153
,16015602,1088,0,24/03/11 18:07:00,18:07:00,457,27420,150.3
,16015602,1089,0,24/03/11 18:08:00,18:08:00,458,27480,147.9
,16015602,1090,0,24/03/11 18:09:00,18:09:00,459,27540,145.4
,16015602,1091,0,24/03/11 18:10:00,18:10:00,460,27600,142.4
,16015602,1092,0,24/03/11 18:11:00,18:11:00,461,27660,139.2
,16015602,1093,0,24/03/11 18:12:00,18:12:00,462,27720,135.6
,16015602,1094,0,24/03/11 18:13:00,18:13:00,463,27780,137.3
,16015602,1095,0,24/03/11 18:14:00,18:14:00,464,27840,127.9
,16015602,1096,0,24/03/11 18:15:00,18:15:00,465,27900,122.9
,16015602,1097,0,24/03/11 18:16:00,18:16:00,466,27960,118.7
,16015602,1098,0,24/03/11 18:17:00,18:17:00,467,28020,114.9
,16015602,1099,0,24/03/11 18:18:00,18:18:00,468,28080,110.8
,16015602,1100,0,24/03/11 18:19:00,18:19:00,469,28140,108.4
,16015602,1101,0,24/03/11 18:20:00,18:20:00,470,28200,103.4
,16015602,1102,0,24/03/11 18:21:00,18:21:00,471,28260,99.95
,16015602,1103,0,24/03/11 18:22:00,18:22:00,472,28320,97.38
,16015602,1104,0,24/03/11 18:23:00,18:23:00,473,28380,94.88
,16015602,1105,0,24/03/11 18:24:00,18:24:00,474,28440,92.45
,16015602,1106,0,24/03/11 18:25:00,18:25:00,475,28500,90.16
,16015602,1107,0,24/03/11 18:26:00,18:26:00,476,28560,87.95
,16015602,1108,0,24/03/11 18:27:00,18:27:00,477,28620,85.28
,16015602,1109,0,24/03/11 18:28:00,18:28:00,478,28680,82.35
,16015602,1110,0,24/03/11 18:29:00,18:29:00,479,28740,79.07
,16015602,1111,0,24/03/11 18:30:00,18:30:00,480,28800,75.79
,16015602,1112,0,24/03/11 18:31:00,18:31:00,481,28860,73
,16015602,1113,0,24/03/11 18:32:00,18:32:00,482,28920,70.51
,16015602,1114,0,24/03/11 18:33:00,18:33:00,483,28980,67.86
,16015602,1115,0,24/03/11 18:34:00,18:34:00,484,29040,64.94
,16015602,1116,0,24/03/11 18:35:00,18:35:00,485,29100,61.33
,16015602,1117,0,24/03/11 18:36:00,18:36:00,486,29160,57.91
,16015602,1118,0,24/03/11 18:37:00,18:37:00,487,29220,55.68
,16015602,1119,0,24/03/11 18:38:00,18:38:00,488,29280,53.38
,16015602,1120,0,24/03/11 18:39:00,18:39:00,489,29340,51.36
,16015602,1121,0,24/03/11 18:40:00,18:40:00,490,29400,49.64
,16015602,1122,0,24/03/11 18:41:00,18:41:00,491,29460,47.87
,16015602,1123,0,24/03/11 18:42:00,18:42:00,492,29520,46.54
,16015602,1124,0,24/03/11 18:43:00,18:43:00,493,29580,45.11
,16015602,1125,0,24/03/11 18:44:00,18:44:00,494,29640,43.56
,16015602,1126,0,24/03/11 18:45:00,18:45:00,495,29700,41.92
,16015602,1127,7,24/03/11 18:46:00,18:46:00,496,29760,40.86
,16015602,1128,0,24/03/11 18:47:00,18:47:00,497,29820,40.35
,16015602,1129,0,24/03/11 18:48:00,18:48:00,498,29880,39.22
,16015602,1130,0,24/03/11 18:49:00,18:49:00,499,29940,37.11
,16015602,1131,0,24/03/11 18:50:00,18:50:00,500,30000,34.9
,16015602,1132,0,24/03/11 18:51:00,18:51:00,501,30060,32.82
,16015602,1133,0,24/03/11 18:52:00,18:52:00,502,30120,30.9
,16015602,1134,0,24/03/11 18:53:00,18:53:00,503,30180,29.33
,16015602,1135,0,24/03/11 18:54:00,18:54:00,504,30240,27.6
,16015602,1136,0,24/03/11 18:55:00,18:55:00,505,30300,25.79
,16015602,1137,0,24/03/11 18:56:00,18:56:00,506,30360,23.83
,16015602,1138,0,24/03/11 18:57:00,18:57:00,507,30420,21.66
,16015602,1139,0,24/03/11 18:58:00,18:58:00,508,30480,20.05
,16015602,1140,0,24/03/11 18:59:00,18:59:00,509,30540,18.66
,16015602,1141,0,24/03/11 19:00:00,19:00:00,510,30600,17.44
,16015602,1142,7,24/03/11 19:01:00,19:01:00,511,30660,16.38
,16015602,1143,0,24/03/11 19:02:00,19:02:00,512,30720,15.58
,16015602,1144,0,24/03/11 19:03:00,19:03:00,513,30780,14.9
,16015602,1145,0,24/03/11 19:04:00,19:04:00,514,30840,14.44
,16015602,1146,0,24/03/11 19:05:00,19:05:00,515,30900,13.84
,16015602,1147,0,24/03/11 19:06:00,19:06:00,516,30960,13.18
,16015602,1148,0,24/03/11 19:07:00,19:07:00,517,31020,12.36
,16015602,1149,0,24/03/11 19:08:00,19:08:00,518,31080,11.2
,16015602,1150,0,24/03/11 19:09:00,19:09:00,519,31140,10.17
,16015602,1151,0,24/03/11 19:10:00,19:10:00,520,31200,8.988
,16015602,1152,0,24/03/11 19:11:00,19:11:00,521,31260,8.017
,16015602,1153,0,24/03/11 19:12:00,19:12:00,522,31320,7.255
,16015602,1154,0,24/03/11 19:13:00,19:13:00,523,31380,6.409
,16015602,1155,0,24/03/11 19:14:00,19:14:00,524,31440,5.72
,16015602,1156,0,24/03/11 19:15:00,19:15:00,525,31500,5.125
,16015602,1157,0,24/03/11 19:16:00,19:16:00,526,31560,4.175
,16015602,1158,0,24/03/11 19:17:00,19:17:00,527,31620,3.393
,16015602,1159,0,24/03/11 19:18:00,19:18:00,528,31680,2.631
,16015602,1160,0,24/03/11 19:19:00,19:19:00,529,31740,2.119
,16015602,1161,0,24/03/11 19:20:00,19:20:00,530,31800,1.764
,16015602,1162,0,24/03/11 19:21:00,19:21:00,531,31860,1.305
,16015602,1163,0,24/03/11 19:22:00,19:22:00,532,31920,0.877
,16015602,1164,0,24/03/11 19:23:00,19:23:00,533,31980,0.303
,16015602,1165,0,24/03/11 19:24:00,19:24:00,534,32040,0.136
,16015602,1166,0,24/03/11 19:25:00,19:25:00,535,32100,0.073
,16015602,1167,0,24/03/11 19:26:00,19:26:00,536,32160,-0.136
,16015602,1168,0,24/03/11 19:27:00,19:27:00,537,32220,-0.104
,16015602,1169,0,24/03/11 19:28:00,19:28:00,538,32280,-0.282
,16015602,1170,0,24/03/11 19:29:00,19:29:00,539,32340,-0.324
,16015602,1171,0,24/03/11 19:30:00,19:30:00,540,32400,-0.491
,16015602,1172,0,24/03/11 19:31:00,19:31:00,541,32460,-0.449
,16015602,1173,0,24/03/11 19:32:00,19:32:00,542,32520,-0.574
,16015602,1174,0,24/03/11 19:33:00,19:33:00,543,32580,-0.637
,16015602,1175,0,24/03/11 19:34:00,19:34:00,544,32640,-0.835
,16015602,1176,0,24/03/11 19:35:00,19:35:00,545,32700,-0.772
,16015602,1177,0,24/03/11 19:36:00,19:36:00,546,32760,-0.804
,16015602,1178,0,24/03/11 19:37:00,19:37:00,547,32820,-0.835
,16015602,1179,0,24/03/11 19:38:00,19:38:00,548,32880,-1.002
,16015602,1180,0,24/03/11 19:39:00,19:39:00,549,32940,-1.159
,16015602,1181,0,24/03/11 19:40:00,19:40:00,550,33000,-1.253
,16015602,1182,0,24/03/11 19:41:00,19:41:00,551,33060,-1.242
,16015602,1183,0,24/03/11 19:42:00,19:42:00,552,33120,-1.274
,16015602,1184,0,24/03/11 19:43:00,19:43:00,553,33180,-1.587
,16015602,1185,0,24/03/11 19:44:00,19:44:00,554,33240,-1.691
,16015602,1186,0,24/03/11 19:45:00,19:45:00,555,33300,-2.088
,16015602,1187,7,24/03/11 19:46:00,19:46:00,556,33360,-1.827
,16015602,1188,0,24/03/11 19:47:00,19:47:00,557,33420,-1.743
,16015602,1189,0,24/03/11 19:48:00,19:48:00,558,33480,-1.921
,16015602,1190,0,24/03/11 19:49:00,19:49:00,559,33540,-1.869
,16015602,1191,0,24/03/11 19:50:00,19:50:00,560,33600,-1.9
,16015602,1192,0,24/03/11 19:51:00,19:51:00,561,33660,-1.889
,16015602,1193,0,24/03/11 19:52:00,19:52:00,562,33720,-1.816
,16015602,1194,0,24/03/11 19:53:00,19:53:00,563,33780,-1.67
,16015602,1195,0,24/03/11 19:54:00,19:54:00,564,33840,-1.66
,16015602,1196,0,24/03/11 19:55:00,19:55:00,565,33900,-1.67
,16015602,1197,0,24/03/11 19:56:00,19:56:00,566,33960,-1.764
,16015602,1198,0,24/03/11 19:57:00,19:57:00,567,34020,-1.503
,16015602,1199,0,24/03/11 19:58:00,19:58:00,568,34080,-1.482
,16015602,1200,0,24/03/11 19:59:00,19:59:00,569,34140,-1.555
,16015602,1201,0,24/03/11 20:00:00,20:00:00,570,34200,-1.514
,16015602,1202,7,24/03/11 20:01:00,20:01:00,571,34260,-1.618
,16015602,1203,0,24/03/11 20:02:00,20:02:00,572,34320,-1.503
,16015602,1204,0,24/03/11 20:03:00,20:03:00,573,34380,-1.628
,16015602,1205,0,24/03/11 20:04:00,20:04:00,574,34440,-1.545
,16015602,1206,0,24/03/11 20:05:00,20:05:00,575,34500,-1.576
,16015602,1207,0,24/03/11 20:06:00,20:06:00,576,34560,-1.566
,16015602,1208,0,24/03/11 20:07:00,20:07:00,577,34620,-1.66
,16015602,1209,0,24/03/11 20:08:00,20:08:00,578,34680,-1.545
,16015602,1210,0,24/03/11 20:09:00,20:09:00,579,34740,-1.691
,16015602,1211,0,24/03/11 20:10:00,20:10:00,580,34800,-1.66
,16015602,1212,0,24/03/11 20:11:00,20:11:00,581,34860,-1.754
,16015602,1213,0,24/03/11 20:12:00,20:12:00,582,34920,-1.608
,16015602,1214,0,24/03/11 20:13:00,20:13:00,583,34980,-1.514
,16015602,1215,0,24/03/11 20:14:00,20:14:00,584,35040,-1.555
,16015602,1216,0,24/03/11 20:15:00,20:15:00,585,35100,-1.639
,16015602,1217,0,24/03/11 20:16:00,20:16:00,586,35160,-1.712
,16015602,1218,0,24/03/11 20:17:00,20:17:00,587,35220,-1.649
,16015602,1219,0,24/03/11 20:18:00,20:18:00,588,35280,-1.701
,16015602,1220,0,24/03/11 20:19:00,20:19:00,589,35340,-1.754
,16015602,1221,0,24/03/11 20:20:00,20:20:00,590,35400,-1.764
,16015602,1222,0,24/03/11 20:21:00,20:21:00,591,35460,-1.743
,16015602,1223,0,24/03/11 20:22:00,20:22:00,592,35520,-1.816
,16015602,1224,0,24/03/11 20:23:00,20:23:00,593,35580,-1.806
,16015602,1225,0,24/03/11 20:24:00,20:24:00,594,35640,-1.545
,16015602,1226,0,24/03/11 20:25:00,20:25:00,595,35700,-1.639
,16015602,1227,0,24/03/11 20:26:00,20:26:00,596,35760,-1.649
,16015602,1228,0,24/03/11 20:27:00,20:27:00,597,35820,-1.733
,16015602,1229,0,24/03/11 20:28:00,20:28:00,598,35880,-1.691
,16015602,1230,0,24/03/11 20:29:00,20:29:00,599,35940,-1.66
,16015602,1231,0,24/03/11 20:30:00,20:30:00,600,36000,-1.733
,16015602,1232,0,24/03/11 20:31:00,20:31:00,601,36060,-1.764
,16015602,1233,0,24/03/11 20:32:00,20:32:00,602,36120,-1.754
,16015602,1234,0,24/03/11 20:33:00,20:33:00,603,36180,-1.722
,16015602,1235,0,24/03/11 20:34:00,20:34:00,604,36240,-1.775
,16015602,1236,0,24/03/11 20:35:00,20:35:00,605,36300,-1.858
,16015602,1237,0,24/03/11 20:36:00,20:36:00,606,36360,-1.733
,16015602,1238,0,24/03/11 20:37:00,20:37:00,607,36420,-1.576
,16015602,1239,0,24/03/11 20:38:00,20:38:00,608,36480,-1.461
,16015602,1240,0,24/03/11 20:39:00,20:39:00,609,36540,-1.524
,16015602,1241,0,24/03/11 20:40:00,20:40:00,610,36600,-1.493
,16015602,1242,0,24/03/11 20:41:00,20:41:00,611,36660,-1.378
,16015602,1243,0,24/03/11 20:42:00,20:42:00,612,36720,-1.357
,16015602,1244,0,24/03/11 20:43:00,20:43:00,613,36780,-1.42
,16015602,1245,0,24/03/11 20:44:00,20:44:00,614,36840,-1.357
,16015602,1246,0,24/03/11 20:45:00,20:45:00,615,36900,-1.315
,16015602,1247,7,24/03/11 20:46:00,20:46:00,616,36960,-1.347
,16015602,1248,0,24/03/11 20:47:00,20:47:00,617,37020,-1.169
,16015602,1249,0,24/03/11 20:48:00,20:48:00,618,37080,-1.294
,16015602,1250,0,24/03/11 20:49:00,20:49:00,619,37140,-1.221
,16015602,1251,0,24/03/11 20:50:00,20:50:00,620,37200,-1.148
,16015602,1252,0,24/03/11 20:51:00,20:51:00,621,37260,-1.023
,16015602,1253,0,24/03/11 20:52:00,20:52:00,622,37320,-0.992
,16015602,1254,0,24/03/11 20:53:00,20:53:00,623,37380,-1.013
,16015602,1255,0,24/03/11 20:54:00,20:54:00,624,37440,-1.086
,16015602,1256,0,24/03/11 20:55:00,20:55:00,625,37500,-1.086
,16015602,1257,0,24/03/11 20:56:00,20:56:00,626,37560,-1.013
,16015602,1258,0,24/03/11 20:57:00,20:57:00,627,37620,-0.71
,16015602,1259,0,24/03/11 20:58:00,20:58:00,628,37680,-0.72
,16015602,1260,0,24/03/11 20:59:00,20:59:00,629,37740,-0.793
,16015602,1261,0,24/03/11 21:00:00,21:00:00,630,37800,-0.856
,16015602,1262,7,24/03/11 21:01:00,21:01:00,631,37860,-0.96
,16015602,1263,0,24/03/11 21:02:00,21:02:00,632,37920,-0.877
,16015602,1264,0,24/03/11 21:03:00,21:03:00,633,37980,-0.887
,16015602,1265,0,24/03/11 21:04:00,21:04:00,634,38040,-0.825
,16015602,1266,0,24/03/11 21:05:00,21:05:00,635,38100,-0.835
,16015602,1267,0,24/03/11 21:06:00,21:06:00,636,38160,-0.72
,16015602,1268,0,24/03/11 21:07:00,21:07:00,637,38220,-0.752
,16015602,1269,0,24/03/11 21:08:00,21:08:00,638,38280,-0.71
,16015602,1270,0,24/03/11 21:09:00,21:09:00,639,38340,-0.679
,16015602,1271,0,24/03/11 21:10:00,21:10:00,640,38400,-0.658
,16015602,1272,0,24/03/11 21:11:00,21:11:00,641,38460,-0.616
,16015602,1273,0,24/03/11 21:12:00,21:12:00,642,38520,-0.626
,16015602,1274,0,24/03/11 21:13:00,21:13:00,643,38580,-0.71
,16015602,1275,0,24/03/11 21:14:00,21:14:00,644,38640,-0.846
,16015602,1276,0,24/03/11 21:15:00,21:15:00,645,38700,-0.814
,16015602,1277,0,24/03/11 21:16:00,21:16:00,646,38760,-0.835
,16015602,1278,0,24/03/11 21:17:00,21:17:00,647,38820,-0.71
,16015602,1279,0,24/03/11 21:18:00,21:18:00,648,38880,-0.866
,16015602,1280,0,24/03/11 21:19:00,21:19:00,649,38940,-0.762
,16015602,1281,0,24/03/11 21:20:00,21:20:00,650,39000,-0.856
,16015602,1282,0,24/03/11 21:21:00,21:21:00,651,39060,-0.752
,16015602,1283,0,24/03/11 21:22:00,21:22:00,652,39120,-0.741
,16015602,1284,0,24/03/11 21:23:00,21:23:00,653,39180,-0.699
,16015602,1285,0,24/03/11 21:24:00,21:24:00,654,39240,-0.71
,16015602,1286,0,24/03/11 21:25:00,21:25:00,655,39300,-0.658
,16015602,1287,0,24/03/11 21:26:00,21:26:00,656,39360,-0.605
,16015602,1288,0,24/03/11 21:27:00,21:27:00,657,39420,-0.543
,16015602,1289,0,24/03/11 21:28:00,21:28:00,658,39480,-0.511
,16015602,1290,0,24/03/11 21:29:00,21:29:00,659,39540,-0.574
,16015602,1291,0,24/03/11 21:30:00,21:30:00,660,39600,-0.397
,16015602,1292,0,24/03/11 21:31:00,21:31:00,661,39660,-0.449
,16015602,1293,0,24/03/11 21:32:00,21:32:00,662,39720,-0.47
,16015602,1294,0,24/03/11 21:33:00,21:33:00,663,39780,-0.511
,16015602,1295,0,24/03/11 21:34:00,21:34:00,664,39840,-0.459
,16015602,1296,0,24/03/11 21:35:00,21:35:00,665,39900,-0.564
,16015602,1297,0,24/03/11 21:36:00,21:36:00,666,39960,-0.48
,16015602,1298,0,24/03/11 21:37:00,21:37:00,667,40020,-0.532
,16015602,1299,0,24/03/11 21:38:00,21:38:00,668,40080,-0.543
,16015602,1300,0,24/03/11 21:39:00,21:39:00,669,40140,-0.668
,16015602,1301,0,24/03/11 21:40:00,21:40:00,670,40200,-0.626
,16015602,1302,0,24/03/11 21:41:00,21:41:00,671,40260,-0.585
,16015602,1303,0,24/03/11 21:42:00,21:42:00,672,40320,-0.532
,16015602,1304,0,24/03/11 21:43:00,21:43:00,673,40380,-0.741
,16015602,1305,0,24/03/11 21:44:00,21:44:00,674,40440,-0.762
,16015602,1306,0,24/03/11 21:45:00,21:45:00,675,40500,-0.804
,16015602,1307,7,24/03/11 21:46:00,21:46:00,676,40560,-0.846
,16015602,1308,0,24/03/11 21:47:00,21:47:00,677,40620,-0.762
,16015602,1309,0,24/03/11 21:48:00,21:48:00,678,40680,-0.793
,16015602,1310,0,24/03/11 21:49:00,21:49:00,679,40740,-0.919
,16015602,1311,0,24/03/11 21:50:00,21:50:00,680,40800,-0.981
,16015602,1312,0,24/03/11 21:51:00,21:51:00,681,40860,-1.033
,16015602,1313,0,24/03/11 21:52:00,21:52:00,682,40920,-0.981
,16015602,1314,0,24/03/11 21:53:00,21:53:00,683,40980,-0.992
,16015602,1315,0,24/03/11 21:54:00,21:54:00,684,41040,-0.95
,16015602,1316,0,24/03/11 21:55:00,21:55:00,685,41100,-0.908
,16015602,1317,0,24/03/11 21:56:00,21:56:00,686,41160,-0.971
,16015602,1318,0,24/03/11 21:57:00,21:57:00,687,41220,-1.075
,16015602,1319,0,24/03/11 21:58:00,21:58:00,688,41280,-1.096
,16015602,1320,0,24/03/11 21:59:00,21:59:00,689,41340,-1.169
,16015602,1321,0,24/03/11 22:00:00,22:00:00,690,41400,-1.138
,16015602,1322,7,24/03/11 22:01:00,22:01:00,691,41460,-1.367
,16015602,1323,0,24/03/11 22:02:00,22:02:00,692,41520,-1.461
,16015602,1324,0,24/03/11 22:03:00,22:03:00,693,41580,-1.472
,16015602,1325,0,24/03/11 22:04:00,22:04:00,694,41640,-1.472
,16015602,1326,0,24/03/11 22:05:00,22:05:00,695,41700,-1.493
,16015602,1327,0,24/03/11 22:06:00,22:06:00,696,41760,-1.545
,16015602,1328,0,24/03/11 22:07:00,22:07:00,697,41820,-1.597
,16015602,1329,0,24/03/11 22:08:00,22:08:00,698,41880,-1.534
,16015602,1330,0,24/03/11 22:09:00,22:09:00,699,41940,-1.534
,16015602,1331,0,24/03/11 22:10:00,22:10:00,700,42000,-1.42
,16015602,1332,0,24/03/11 22:11:00,22:11:00,701,42060,-1.221
,16015602,1333,0,24/03/11 22:12:00,22:12:00,702,42120,-1.284
,16015602,1334,0,24/03/11 22:13:00,22:13:00,703,42180,-1.221
,16015602,1335,0,24/03/11 22:14:00,22:14:00,704,42240,-1.169
,16015602,1336,0,24/03/11 22:15:00,22:15:00,705,42300,-1.274
,16015602,1337,0,24/03/11 22:16:00,22:16:00,706,42360,-1.138
,16015602,1338,0,24/03/11 22:17:00,22:17:00,707,42420,-1.148
,16015602,1339,0,24/03/11 22:18:00,22:18:00,708,42480,-1.2
,16015602,1340,0,24/03/11 22:19:00,22:19:00,709,42540,-1.221
,16015602,1341,0,24/03/11 22:20:00,22:20:00,710,42600,-1.221
,16015602,1342,0,24/03/11 22:21:00,22:21:00,711,42660,-1.263
,16015602,1343,0,24/03/11 22:22:00,22:22:00,712,42720,-1.274
,16015602,1344,0,24/03/11 22:23:00,22:23:00,713,42780,-1.232
,16015602,1345,0,24/03/11 22:24:00,22:24:00,714,42840,-1.221
,16015602,1346,0,24/03/11 22:25:00,22:25:00,715,42900,-1.127
,16015602,1347,0,24/03/11 22:26:00,22:26:00,716,42960,-1.106
,16015602,1348,0,24/03/11 22:27:00,22:27:00,717,43020,-1.148
,16015602,1349,0,24/03/11 22:28:00,22:28:00,718,43080,-1.19
,16015602,1350,0,24/03/11 22:29:00,22:29:00,719,43140,-1.43
,16015602,1351,0,24/03/11 22:30:00,22:30:00,720,43200,-1.294
,16015602,1352,0,24/03/11 22:31:00,22:31:00,721,43260,-1.211
,16015602,1353,0,24/03/11 22:32:00,22:32:00,722,43320,-1.221
,16015602,1354,0,24/03/11 22:33:00,22:33:00,723,43380,-1.19
,16015602,1355,0,24/03/11 22:34:00,22:34:00,724,43440,-1.305
,16015602,1356,0,24/03/11 22:35:00,22:35:00,725,43500,-1.117
,16015602,1357,0,24/03/11 22:36:00,22:36:00,726,43560,-1.263
,16015602,1358,0,24/03/11 22:37:00,22:37:00,727,43620,-1.117
,16015602,1359,0,24/03/11 22:38:00,22:38:00,728,43680,-1.294
,16015602,1360,0,24/03/11 22:39:00,22:39:00,729,43740,-1.357
,16015602,1361,0,24/03/11 22:40:00,22:40:00,730,43800,-1.388
,16015602,1362,0,24/03/11 22:41:00,22:41:00,731,43860,-1.388
,16015602,1363,0,24/03/11 22:42:00,22:42:00,732,43920,-1.42
,16015602,1364,0,24/03/11 22:43:00,22:43:00,733,43980,-1.42
,16015602,1365,0,24/03/11 22:44:00,22:44:00,734,44040,-1.441
,16015602,1366,0,24/03/11 22:45:00,22:45:00,735,44100,-1.545
,16015602,1367,7,24/03/11 22:46:00,22:46:00,736,44160,-1.555
,16015602,1368,0,24/03/11 22:47:00,22:47:00,737,44220,-1.566
,16015602,1369,0,24/03/11 22:48:00,22:48:00,738,44280,-1.67
,16015602,1370,0,24/03/11 22:49:00,22:49:00,739,44340,-1.701
,16015602,1371,0,24/03/11 22:50:00,22:50:00,740,44400,-1.743
,16015602,1372,0,24/03/11 22:51:00,22:51:00,741,44460,-1.691
,16015602,1373,0,24/03/11 22:52:00,22:52:00,742,44520,-1.701
,16015602,1374,0,24/03/11 22:53:00,22:53:00,743,44580,-1.795
,16015602,1375,0,24/03/11 22:54:00,22:54:00,744,44640,-1.775
,16015602,1376,0,24/03/11 22:55:00,22:55:00,745,44700,-1.597
,16015602,1377,0,24/03/11 22:56:00,22:56:00,746,44760,-1.816
,16015602,1378,0,24/03/11 22:57:00,22:57:00,747,44820,-1.743
,16015602,1379,0,24/03/11 22:58:00,22:58:00,748,44880,-1.837
,16015602,1380,0,24/03/11 22:59:00,22:59:00,749,44940,-1.795
,16015602,1381,0,24/03/11 23:00:00,23:00:00,750,45000,-1.806
,16015602,1382,0,24/03/11 23:01:00,23:01:00,751,45060,-1.858
,16015602,1383,0,24/03/11 23:02:00,23:02:00,752,45120,-1.879
,16015602,1384,0,24/03/11 23:03:00,23:03:00,753,45180,-1.795
,16015602,1385,0,24/03/11 23:04:00,23:04:00,754,45240,-1.952
,16015602,1386,0,24/03/11 23:05:00,23:05:00,755,45300,-1.848
,16015602,1387,0,24/03/11 23:06:00,23:06:00,756,45360,-1.962
,16015602,1388,0,24/03/11 23:07:00,23:07:00,757,45420,-1.962
,16015602,1389,0,24/03/11 23:08:00,23:08:00,758,45480,-1.983
,16015602,1390,0,24/03/11 23:09:00,23:09:00,759,45540,-1.973
,16015602,1391,0,24/03/11 23:10:00,23:10:00,760,45600,-1.921
,16015602,1392,0,24/03/11 23:11:00,23:11:00,761,45660,-1.921
,16015602,1393,0,24/03/11 23:12:00,23:12:00,762,45720,-1.942
,16015602,1394,0,24/03/11 23:13:00,23:13:00,763,45780,-1.9
,16015602,1395,0,24/03/11 23:14:00,23:14:00,764,45840,-1.9
,16015602,1396,0,24/03/11 23:15:00,23:15:00,765,45900,-1.994
,16015602,1397,0,24/03/11 23:16:00,23:16:00,766,45960,-2.004
,16015602,1398,0,24/03/11 23:17:00,23:17:00,767,46020,-1.973
,16015602,1399,0,24/03/11 23:18:00,23:18:00,768,46080,-2.046
,16015602,1400,0,24/03/11 23:19:00,23:19:00,769,46140,-1.973
,16015602,1401,0,24/03/11 23:20:00,23:20:00,770,46200,-2.109
,16015602,1402,0,24/03/11 23:21:00,23:21:00,771,46260,-2.14
,16015602,1403,0,24/03/11 23:22:00,23:22:00,772,46320,-2.129
,16015602,1404,0,24/03/11 23:23:00,23:23:00,773,46380,-2.129
,16015602,1405,0,24/03/11 23:24:00,23:24:00,774,46440,-2.046
,16015602,1406,0,24/03/11 23:25:00,23:25:00,775,46500,-2.004
,16015602,1407,0,24/03/11 23:26:00,23:26:00,776,46560,-1.91
,16015602,1408,0,24/03/11 23:27:00,23:27:00,777,46620,-1.785
,16015602,1409,0,24/03/11 23:28:00,23:28:00,778,46680,-1.67
,16015602,1410,0,24/03/11 23:29:00,23:29:00,779,46740,-1.639
,16015602,1411,0,24/03/11 23:30:00,23:30:00,780,46800,-1.681
,16015602,1412,0,24/03/11 23:31:00,23:31:00,781,46860,-1.555
,16015602,1413,0,24/03/11 23:32:00,23:32:00,782,46920,-1.576
,16015602,1414,0,24/03/11 23:33:00,23:33:00,783,46980,-1.66
,16015602,1415,0,24/03/11 23:34:00,23:34:00,784,47040,-1.66
,16015602,1416,0,24/03/11 23:35:00,23:35:00,785,47100,-1.754
,16015602,1417,0,24/03/11 23:36:00,23:36:00,786,47160,-1.681
,16015602,1418,0,24/03/11 23:37:00,23:37:00,787,47220,-1.639
,16015602,1419,0,24/03/11 23:38:00,23:38:00,788,47280,-1.67
,16015602,1420,0,24/03/11 23:39:00,23:39:00,789,47340,-1.66
,16015602,1421,0,24/03/11 23:40:00,23:40:00,790,47400,-1.701
,16015602,1422,0,24/03/11 23:41:00,23:41:00,791,47460,-1.712
,16015602,1423,0,24/03/11 23:42:00,23:42:00,792,47520,-1.775
,16015602,1424,0,24/03/11 23:43:00,23:43:00,793,47580,-1.858
,16015602,1425,0,24/03/11 23:44:00,23:44:00,794,47640,-1.879
,16015602,1426,0,24/03/11 23:45:00,23:45:00,795,47700,-1.962
,16015602,1427,7,24/03/11 23:46:00,23:46:00,796,47760,-1.994
,16015602,1428,0,24/03/11 23:47:00,23:47:00,797,47820,-1.869
,16015602,1429,0,24/03/11 23:48:00,23:48:00,798,47880,-1.764
,16015602,1430,0,24/03/11 23:49:00,23:49:00,799,47940,-1.827
,16015602,1431,0,24/03/11 23:50:00,23:50:00,800,48000,-1.754
,16015602,1432,0,24/03/11 23:51:00,23:51:00,801,48060,-1.754
,16015602,1433,0,24/03/11 23:52:00,23:52:00,802,48120,-1.795
,16015602,1434,0,24/03/11 23:53:00,23:53:00,803,48180,-1.795
,16015602,1435,0,24/03/11 23:54:00,23:54:00,804,48240,-1.743
,16015602,1436,0,24/03/11 23:55:00,23:55:00,805,48300,-1.785
,16015602,1437,0,24/03/11 23:56:00,23:56:00,806,48360,-1.691
,16015602,1438,0,24/03/11 23:57:00,23:57:00,807,48420,-1.754
,16015602,1439,0,24/03/11 23:58:00,23:58:00,808,48480,-1.681
,16015602,1440,0,24/03/11 23:59:00,23:59:00,809,48540,-1.618
,16015602,1441,0,24/03/12 00:00:00,0:00:00,810,48600,-1.67
,16015602,1442,7,24/03/12 00:01:00,0:01:00,811,48660,-1.785
,16015602,1443,0,24/03/12 00:02:00,0:02:00,812,48720,-1.827
,16015602,1444,0,24/03/12 00:03:00,0:03:00,813,48780,-1.754
,16015602,1445,0,24/03/12 00:04:00,0:04:00,814,48840,-2.067
,16015602,1446,0,24/03/12 00:05:00,0:05:00,815,48900,-1.983
,16015602,1447,0,24/03/12 00:06:00,0:06:00,816,48960,-1.952
,16015602,1448,0,24/03/12 00:07:00,0:07:00,817,49020,-2.036
,16015602,1449,0,24/03/12 00:08:00,0:08:00,818,49080,-1.994
,16015602,1450,0,24/03/12 00:09:00,0:09:00,819,49140,-2.025
,16015602,1451,0,24/03/12 00:10:00,0:10:00,820,49200,-1.962
,16015602,1452,0,24/03/12 00:11:00,0:11:00,821,49260,-2.025
,16015602,1453,0,24/03/12 00:12:00,0:12:00,822,49320,-2.036
,16015602,1454,0,24/03/12 00:13:00,0:13:00,823,49380,-1.983
,16015602,1455,0,24/03/12 00:14:00,0:14:00,824,49440,-2.119
